Workbook

Sheet Flights
A1: Date | B1: Week Number | C1: Week Day | D1: Flight | E1: Airline | F1: Origin | G1: Destination | H1: Destination City | I1: Destination State | J1: Scheduled Departure | K1: Scheduled Departure Hour | L1: Departure | M1: Departure Delay(min) | N1: Length (hr) | O1: Length (min) | P1: Distance | Q1: Avergae Speed | R1: Scheduled Arrival | S1: Meal | T1: Open Bar | U1: Arrival | V1: Arrival Delay | W1: Status | X1: Delay Type | Y1: Cancelled | Z1: Cancellation Reason | AA1: Compensation
A2: 42005 | B2: =WEEKNUM(Flights[[#This Row],[Date]], 1) -> 1 | C2: =WEEKDAY(Flights[[#This Row],[Date]],1) -> 5 | D2: AA258 | E2: American Airlines | F2: LAX | G2: MIA | H2: =_xlfn.XLOOKUP(Flights[[#This Row],[Destination]], Airports!$A$2:$A$78, Airports!$D$2:$D$78) -> Miami | I2: {=_xlfn.XLOOKUP(Flights[[#This Row],[Destination]],_xlfn._TRO_TRAILING( Airports!A:A),_xlfn._TRO_TRAILING( Airports!E:E), "Not found")} -> FL | J2: 0.013888889 | K2: =HOUR(Flights[[#This Row],[Scheduled Departure]]) -> 0 | L2: 0.010416667 | M2: =(L2-J2)*24*60 -> -5 | N2: =Flights[[#This Row],[Length (min)]]/60 -> 4.6833333 | O2: 281 | P2: 2342 | Q2: =IFERROR(Flights[[#This Row],[Distance]]/Flights[[#This Row],[Length (hr)]], "") -> 500.07117 | R2: 0.33680556 | S2: =IF(Flights[[#This Row],[Length (hr)]]<2, "No meal", IF(Flights[[#This Row],[Length (hr)]]<3.5, "Light meal", "Full meal")) -> Full meal | T2: =IF(AND(Flights[[#This Row],[Airline]]="US Airways", Flights[[#This Row],[Meal]]="Full Meal"), "Yes", "No") -> No | U2: 0.33055556 | V2: -9 | W2: =IF(Flights[[#This Row],[Arrival Delay]] = "", "Cancelled", IF(Flights[[#This Row],[Arrival Delay]]>15, "Delayed", "On time")) -> On time | X2: =IF(Flights[[#This Row],[Status]]<>"Delayed","", IF(Flights[[#This Row],[Arrival Delay]]>120, "Severe", IF(Flights[[#This Row],[Arrival Delay]]>60, "Major", "Moderate"))) | Y2: FALSE | AA2: =IF(OR(AND(Flights[[#This Row],[Status]]="Cancelled", Flights[[#This Row],[Cancellation Reason]]="Airline/Carrier"), Flights[[#This Row],[Delay Type]]="Severe"), "Yes", "No") -> No
A3: 42005 | B3: =WEEKNUM(Flights[[#This Row],[Date]], 1) -> 1 | C3: =WEEKDAY(Flights[[#This Row],[Date]],1) -> 5 | D3: WN2077 | E3: Southwest | F3: LAX | G3: ABQ | H3: =_xlfn.XLOOKUP(Flights[[#This Row],[Destination]], Airports!$A$2:$A$78, Airports!$D$2:$D$78) -> Albuquerque | I3: {=_xlfn.XLOOKUP(Flights[[#This Row],[Destination]],_xlfn._TRO_TRAILING( Airports!A:A),_xlfn._TRO_TRAILING( Airports!E:E), "Not found")} -> NM | J3: 0.40972222 | K3: =HOUR(Flights[[#This Row],[Scheduled Departure]]) -> 9 | L3: 0.40486111 | M3: =(L3-J3)*24*60 -> -7 | N3: =Flights[[#This Row],[Length (min)]]/60 -> 1.8166667 | O3: 109 | P3: 677 | Q3: =IFERROR(Flights[[#This Row],[Distance]]/Flights[[#This Row],[Length (hr)]], "") -> 372.66055 | R3: 0.52430556 | S3: =IF(Flights[[#This Row],[Length (hr)]]<2, "No meal", IF(Flights[[#This Row],[Length (hr)]]<3.5, "Light meal", "Full meal")) -> No meal | T3: =IF(AND(Flights[[#This Row],[Airline]]="US Airways", Flights[[#This Row],[Meal]]="Full Meal"), "Yes", "No") -> No | U3: 0.52222222 | V3: -3 | W3: =IF(Flights[[#This Row],[Arrival Delay]] = "", "Cancelled", IF(Flights[[#This Row],[Arrival Delay]]>15, "Delayed", "On time")) -> On time | X3: =IF(Flights[[#This Row],[Status]]<>"Delayed","", IF(Flights[[#This Row],[Arrival Delay]]>120, "Severe", IF(Flights[[#This Row],[Arrival Delay]]>60, "Major", "Moderate"))) | Y3: FALSE | AA3: =IF(OR(AND(Flights[[#This Row],[Status]]="Cancelled", Flights[[#This Row],[Cancellation Reason]]="Airline/Carrier"), Flights[[#This Row],[Delay Type]]="Severe"), "Yes", "No") -> No
A4: 42005 | B4: =WEEKNUM(Flights[[#This Row],[Date]], 1) -> 1 | C4: =WEEKDAY(Flights[[#This Row],[Date]],1) -> 5 | D4: US726 | E4: US Airways | F4: LAX | G4: PIT | H4: =_xlfn.XLOOKUP(Flights[[#This Row],[Destination]], Airports!$A$2:$A$78, Airports!$D$2:$D$78) -> Pittsburgh | I4: {=_xlfn.XLOOKUP(Flights[[#This Row],[Destination]],_xlfn._TRO_TRAILING( Airports!A:A),_xlfn._TRO_TRAILING( Airports!E:E), "Not found")} -> PA | J4: 0.47916667 | K4: =HOUR(Flights[[#This Row],[Scheduled Departure]]) -> 11 | L4: 0.48680556 | M4: =(L4-J4)*24*60 -> 11 | N4: =Flights[[#This Row],[Length (min)]]/60 -> 4.7 | O4: 282 | P4: 2136 | Q4: =IFERROR(Flights[[#This Row],[Distance]]/Flights[[#This Row],[Length (hr)]], "") -> 454.46809 | R4: 0.79097222 | S4: =IF(Flights[[#This Row],[Length (hr)]]<2, "No meal", IF(Flights[[#This Row],[Length (hr)]]<3.5, "Light meal", "Full meal")) -> Full meal | T4: =IF(AND(Flights[[#This Row],[Airline]]="US Airways", Flights[[#This Row],[Meal]]="Full Meal"), "Yes", "No") -> Yes | U4: 0.80763889 | V4: 24 | W4: =IF(Flights[[#This Row],[Arrival Delay]] = "", "Cancelled", IF(Flights[[#This Row],[Arrival Delay]]>15, "Delayed", "On time")) -> Delayed | X4: =IF(Flights[[#This Row],[Status]]<>"Delayed","", IF(Flights[[#This Row],[Arrival Delay]]>120, "Severe", IF(Flights[[#This Row],[Arrival Delay]]>60, "Major", "Moderate"))) -> Moderate | Y4: FALSE | AA4: =IF(OR(AND(Flights[[#This Row],[Status]]="Cancelled", Flights[[#This Row],[Cancellation Reason]]="Airline/Carrier"), Flights[[#This Row],[Delay Type]]="Severe"), "Yes", "No") -> No
A5: 42005 | B5: =WEEKNUM(Flights[[#This Row],[Date]], 1) -> 1 | C5: =WEEKDAY(Flights[[#This Row],[Date]],1) -> 5 | D5: AA2419 | E5: American Airlines | F5: LAX | G5: DFW | H5: =_xlfn.XLOOKUP(Flights[[#This Row],[Destination]], Airports!$A$2:$A$78, Airports!$D$2:$D$78) -> Dallas | I5: {=_xlfn.XLOOKUP(Flights[[#This Row],[Destination]],_xlfn._TRO_TRAILING( Airports!A:A),_xlfn._TRO_TRAILING( Airports!E:E), "Not found")} -> TX | J5: 0.48958333 | K5: =HOUR(Flights[[#This Row],[Scheduled Departure]]) -> 11 | L5: 0.50972222 | M5: =(L5-J5)*24*60 -> 29 | N5: =Flights[[#This Row],[Length (min)]]/60 -> 3.2333333 | O5: 194 | P5: 1235 | Q5: =IFERROR(Flights[[#This Row],[Distance]]/Flights[[#This Row],[Length (hr)]], "") -> 381.95876 | R5: 0.70138889 | S5: =IF(Flights[[#This Row],[Length (hr)]]<2, "No meal", IF(Flights[[#This Row],[Length (hr)]]<3.5, "Light meal", "Full meal")) -> Light meal | T5: =IF(AND(Flights[[#This Row],[Airline]]="US Airways", Flights[[#This Row],[Meal]]="Full Meal"), "Yes", "No") -> No | U5: 0.72777778 | V5: 38 | W5: =IF(Flights[[#This Row],[Arrival Delay]] = "", "Cancelled", IF(Flights[[#This Row],[Arrival Delay]]>15, "Delayed", "On time")) -> Delayed | X5: =IF(Flights[[#This Row],[Status]]<>"Delayed","", IF(Flights[[#This Row],[Arrival Delay]]>120, "Severe", IF(Flights[[#This Row],[Arrival Delay]]>60, "Major", "Moderate"))) -> Moderate | Y5: FALSE | AA5: =IF(OR(AND(Flights[[#This Row],[Status]]="Cancelled", Flights[[#This Row],[Cancellation Reason]]="Airline/Carrier"), Flights[[#This Row],[Delay Type]]="Severe"), "Yes", "No") -> No
A6: 42005 | B6: =WEEKNUM(Flights[[#This Row],[Date]], 1) -> 1 | C6: =WEEKDAY(Flights[[#This Row],[Date]],1) -> 5 | D6: OO4535 | E6: Skywest | F6: LAX | G6: LAS | H6: =_xlfn.XLOOKUP(Flights[[#This Row],[Destination]], Airports!$A$2:$A$78, Airports!$D$2:$D$78) -> Las Vegas | I6: {=_xlfn.XLOOKUP(Flights[[#This Row],[Destination]],_xlfn._TRO_TRAILING( Airports!A:A),_xlfn._TRO_TRAILING( Airports!E:E), "Not found")} -> NV | J6: 0.52777778 | K6: =HOUR(Flights[[#This Row],[Scheduled Departure]]) -> 12 | L6: 0.52569444 | M6: =(L6-J6)*24*60 -> -3 | N6: =Flights[[#This Row],[Length (min)]]/60 -> 1.1833333 | O6: 71 | P6: 236 | Q6: =IFERROR(Flights[[#This Row],[Distance]]/Flights[[#This Row],[Length (hr)]], "") -> 199.43662 | R6: 0.57916667 | S6: =IF(Flights[[#This Row],[Length (hr)]]<2, "No meal", IF(Flights[[#This Row],[Length (hr)]]<3.5, "Light meal", "Full meal")) -> No meal | T6: =IF(AND(Flights[[#This Row],[Airline]]="US Airways", Flights[[#This Row],[Meal]]="Full Meal"), "Yes", "No") -> No | U6: 0.575 | V6: -6 | W6: =IF(Flights[[#This Row],[Arrival Delay]] = "", "Cancelled", IF(Flights[[#This Row],[Arrival Delay]]>15, "Delayed", "On time")) -> On time | X6: =IF(Flights[[#This Row],[Status]]<>"Delayed","", IF(Flights[[#This Row],[Arrival Delay]]>120, "Severe", IF(Flights[[#This Row],[Arrival Delay]]>60, "Major", "Moderate"))) | Y6: FALSE | AA6: =IF(OR(AND(Flights[[#This Row],[Status]]="Cancelled", Flights[[#This Row],[Cancellation Reason]]="Airline/Carrier"), Flights[[#This Row],[Delay Type]]="Severe"), "Yes", "No") -> No
A7: 42005 | B7: =WEEKNUM(Flights[[#This Row],[Date]], 1) -> 1 | C7: =WEEKDAY(Flights[[#This Row],[Date]],1) -> 5 | D7: VX412 | E7: Virgin America | F7: LAX | G7: JFK | H7: =_xlfn.XLOOKUP(Flights[[#This Row],[Destination]], Airports!$A$2:$A$78, Airports!$D$2:$D$78) -> New York | I7: {=_xlfn.XLOOKUP(Flights[[#This Row],[Destination]],_xlfn._TRO_TRAILING( Airports!A:A),_xlfn._TRO_TRAILING( Airports!E:E), "Not found")} -> NY | J7: 0.56944444 | K7: =HOUR(Flights[[#This Row],[Scheduled Departure]]) -> 13 | L7: 0.56597222 | M7: =(L7-J7)*24*60 -> -5 | N7: =Flights[[#This Row],[Length (min)]]/60 -> 4.9666667 | O7: 298 | P7: 2475 | Q7: =IFERROR(Flights[[#This Row],[Distance]]/Flights[[#This Row],[Length (hr)]], "") -> 498.32215 | R7: 0.91666667 | S7: =IF(Flights[[#This Row],[Length (hr)]]<2, "No meal", IF(Flights[[#This Row],[Length (hr)]]<3.5, "Light meal", "Full meal")) -> Full meal | T7: =IF(AND(Flights[[#This Row],[Airline]]="US Airways", Flights[[#This Row],[Meal]]="Full Meal"), "Yes", "No") -> No | U7: 0.89791667 | V7: -27 | W7: =IF(Flights[[#This Row],[Arrival Delay]] = "", "Cancelled", IF(Flights[[#This Row],[Arrival Delay]]>15, "Delayed", "On time")) -> On time | X7: =IF(Flights[[#This Row],[Status]]<>"Delayed","", IF(Flights[[#This Row],[Arrival Delay]]>120, "Severe", IF(Flights[[#This Row],[Arrival Delay]]>60, "Major", "Moderate"))) | Y7: FALSE | AA7: =IF(OR(AND(Flights[[#This Row],[Status]]="Cancelled", Flights[[#This Row],[Cancellation Reason]]="Airline/Carrier"), Flights[[#This Row],[Delay Type]]="Severe"), "Yes", "No") -> No
A8: 42005 | B8: =WEEKNUM(Flights[[#This Row],[Date]], 1) -> 1 | C8: =WEEKDAY(Flights[[#This Row],[Date]],1) -> 5 | D8: AA28 | E8: American Airlines | F8: LAX | G8: MIA | H8: =_xlfn.XLOOKUP(Flights[[#This Row],[Destination]], Airports!$A$2:$A$78, Airports!$D$2:$D$78) -> Miami | I8: {=_xlfn.XLOOKUP(Flights[[#This Row],[Destination]],_xlfn._TRO_TRAILING( Airports!A:A),_xlfn._TRO_TRAILING( Airports!E:E), "Not found")} -> FL | J8: 0.625 | K8: =HOUR(Flights[[#This Row],[Scheduled Departure]]) -> 15 | L8: 0.62222222 | M8: =(L8-J8)*24*60 -> -4 | N8: =Flights[[#This Row],[Length (min)]]/60 -> 5.0833333 | O8: 305 | P8: 2342 | Q8: =IFERROR(Flights[[#This Row],[Distance]]/Flights[[#This Row],[Length (hr)]], "") -> 460.72131 | R8: 0.95138889 | S8: =IF(Flights[[#This Row],[Length (hr)]]<2, "No meal", IF(Flights[[#This Row],[Length (hr)]]<3.5, "Light meal", "Full meal")) -> Full meal | T8: =IF(AND(Flights[[#This Row],[Airline]]="US Airways", Flights[[#This Row],[Meal]]="Full Meal"), "Yes", "No") -> No | U8: 0.95902778 | V8: 11 | W8: =IF(Flights[[#This Row],[Arrival Delay]] = "", "Cancelled", IF(Flights[[#This Row],[Arrival Delay]]>15, "Delayed", "On time")) -> On time | X8: =IF(Flights[[#This Row],[Status]]<>"Delayed","", IF(Flights[[#This Row],[Arrival Delay]]>120, "Severe", IF(Flights[[#This Row],[Arrival Delay]]>60, "Major", "Moderate"))) | Y8: FALSE | AA8: =IF(OR(AND(Flights[[#This Row],[Status]]="Cancelled", Flights[[#This Row],[Cancellation Reason]]="Airline/Carrier"), Flights[[#This Row],[Delay Type]]="Severe"), "Yes", "No") -> No
A9: 42005 | B9: =WEEKNUM(Flights[[#This Row],[Date]], 1) -> 1 | C9: =WEEKDAY(Flights[[#This Row],[Date]],1) -> 5 | D9: OO6528 | E9: Skywest | F9: LAX | G9: PHX | H9: =_xlfn.XLOOKUP(Flights[[#This Row],[Destination]], Airports!$A$2:$A$78, Airports!$D$2:$D$78) -> Phoenix | I9: {=_xlfn.XLOOKUP(Flights[[#This Row],[Destination]],_xlfn._TRO_TRAILING( Airports!A:A),_xlfn._TRO_TRAILING( Airports!E:E), "Not found")} -> AZ | J9: 0.69513889 | K9: =HOUR(Flights[[#This Row],[Scheduled Departure]]) -> 16 | L9: 0.69027778 | M9: =(L9-J9)*24*60 -> -7 | N9: =Flights[[#This Row],[Length (min)]]/60 -> 1.3333333 | O9: 80 | P9: 370 | Q9: =IFERROR(Flights[[#This Row],[Distance]]/Flights[[#This Row],[Length (hr)]], "") -> 277.5 | R9: 0.79513889 | S9: =IF(Flights[[#This Row],[Length (hr)]]<2, "No meal", IF(Flights[[#This Row],[Length (hr)]]<3.5, "Light meal", "Full meal")) -> No meal | T9: =IF(AND(Flights[[#This Row],[Airline]]="US Airways", Flights[[#This Row],[Meal]]="Full Meal"), "Yes", "No") -> No | U9: 0.7875 | V9: -11 | W9: =IF(Flights[[#This Row],[Arrival Delay]] = "", "Cancelled", IF(Flights[[#This Row],[Arrival Delay]]>15, "Delayed", "On time")) -> On time | X9: =IF(Flights[[#This Row],[Status]]<>"Delayed","", IF(Flights[[#This Row],[Arrival Delay]]>120, "Severe", IF(Flights[[#This Row],[Arrival Delay]]>60, "Major", "Moderate"))) | Y9: FALSE | AA9: =IF(OR(AND(Flights[[#This Row],[Status]]="Cancelled", Flights[[#This Row],[Cancellation Reason]]="Airline/Carrier"), Flights[[#This Row],[Delay Type]]="Severe"), "Yes", "No") -> No
A10: 42005 | B10: =WEEKNUM(Flights[[#This Row],[Date]], 1) -> 1 | C10: =WEEKDAY(Flights[[#This Row],[Date]],1) -> 5 | D10: AS461 | E10: Alaska Airlines | F10: LAX | G10: SEA | H10: =_xlfn.XLOOKUP(Flights[[#This Row],[Destination]], Airports!$A$2:$A$78, Airports!$D$2:$D$78) -> Seattle | I10: {=_xlfn.XLOOKUP(Flights[[#This Row],[Destination]],_xlfn._TRO_TRAILING( Airports!A:A),_xlfn._TRO_TRAILING( Airports!E:E), "Not found")} -> WA | J10: 0.73611111 | K10: =HOUR(Flights[[#This Row],[Scheduled Departure]]) -> 17 | L10: 0.73125 | M10: =(L10-J10)*24*60 -> -7 | N10: =Flights[[#This Row],[Length (min)]]/60 -> 2.7 | O10: 162 | P10: 954 | Q10: =IFERROR(Flights[[#This Row],[Distance]]/Flights[[#This Row],[Length (hr)]], "") -> 353.33333 | R10: 0.84791667 | S10: =IF(Flights[[#This Row],[Length (hr)]]<2, "No meal", IF(Flights[[#This Row],[Length (hr)]]<3.5, "Light meal", "Full meal")) -> Light meal | T10: =IF(AND(Flights[[#This Row],[Airline]]="US Airways", Flights[[#This Row],[Meal]]="Full Meal"), "Yes", "No") -> No | U10: 0.84375 | V10: -6 | W10: =IF(Flights[[#This Row],[Arrival Delay]] = "", "Cancelled", IF(Flights[[#This Row],[Arrival Delay]]>15, "Delayed", "On time")) -> On time | X10: =IF(Flights[[#This Row],[Status]]<>"Delayed","", IF(Flights[[#This Row],[Arrival Delay]]>120, "Severe", IF(Flights[[#This Row],[Arrival Delay]]>60, "Major", "Moderate"))) | Y10: FALSE | AA10: =IF(OR(AND(Flights[[#This Row],[Status]]="Cancelled", Flights[[#This Row],[Cancellation Reason]]="Airline/Carrier"), Flights[[#This Row],[Delay Type]]="Severe"), "Yes", "No") -> No
A11: 42005 | B11: =WEEKNUM(Flights[[#This Row],[Date]], 1) -> 1 | C11: =WEEKDAY(Flights[[#This Row],[Date]],1) -> 5 | D11: AA219 | E11: American Airlines | F11: LAX | G11: SFO | H11: =_xlfn.XLOOKUP(Flights[[#This Row],[Destination]], Airports!$A$2:$A$78, Airports!$D$2:$D$78) -> San Francisco | I11: {=_xlfn.XLOOKUP(Flights[[#This Row],[Destination]],_xlfn._TRO_TRAILING( Airports!A:A),_xlfn._TRO_TRAILING( Airports!E:E), "Not found")} -> CA | J11: 0.75 | K11: =HOUR(Flights[[#This Row],[Scheduled Departure]]) -> 18 | L11: 0.74791667 | M11: =(L11-J11)*24*60 -> -3 | N11: =Flights[[#This Row],[Length (min)]]/60 -> 1.2666667 | O11: 76 | P11: 337 | Q11: =IFERROR(Flights[[#This Row],[Distance]]/Flights[[#This Row],[Length (hr)]], "") -> 266.05263 | R11: 0.80555556 | S11: =IF(Flights[[#This Row],[Length (hr)]]<2, "No meal", IF(Flights[[#This Row],[Length (hr)]]<3.5, "Light meal", "Full meal")) -> No meal | T11: =IF(AND(Flights[[#This Row],[Airline]]="US Airways", Flights[[#This Row],[Meal]]="Full Meal"), "Yes", "No") -> No | U11: 0.80069444 | V11: -7 | W11: =IF(Flights[[#This Row],[Arrival Delay]] = "", "Cancelled", IF(Flights[[#This Row],[Arrival Delay]]>15, "Delayed", "On time")) -> On time | X11: =IF(Flights[[#This Row],[Status]]<>"Delayed","", IF(Flights[[#This Row],[Arrival Delay]]>120, "Severe", IF(Flights[[#This Row],[Arrival Delay]]>60, "Major", "Moderate"))) | Y11: FALSE | AA11: =IF(OR(AND(Flights[[#This Row],[Status]]="Cancelled", Flights[[#This Row],[Cancellation Reason]]="Airline/Carrier"), Flights[[#This Row],[Delay Type]]="Severe"), "Yes", "No") -> No
A12: 42005 | B12: =WEEKNUM(Flights[[#This Row],[Date]], 1) -> 1 | C12: =WEEKDAY(Flights[[#This Row],[Date]],1) -> 5 | D12: NK310 | E12: Spirit | F12: LAX | G12: FLL | H12: =_xlfn.XLOOKUP(Flights[[#This Row],[Destination]], Airports!$A$2:$A$78, Airports!$D$2:$D$78) -> Fort Lauderdale | I12: {=_xlfn.XLOOKUP(Flights[[#This Row],[Destination]],_xlfn._TRO_TRAILING( Airports!A:A),_xlfn._TRO_TRAILING( Airports!E:E), "Not found")} -> FL | J12: 0.875 | K12: =HOUR(Flights[[#This Row],[Scheduled Departure]]) -> 21 | L12: 0.88055556 | M12: =(L12-J12)*24*60 -> 8 | N12: =Flights[[#This Row],[Length (min)]]/60 -> 4.7666667 | O12: 286 | P12: 2342 | Q12: =IFERROR(Flights[[#This Row],[Distance]]/Flights[[#This Row],[Length (hr)]], "") -> 491.32867 | R12: 0.19513889 | S12: =IF(Flights[[#This Row],[Length (hr)]]<2, "No meal", IF(Flights[[#This Row],[Length (hr)]]<3.5, "Light meal", "Full meal")) -> Full meal | T12: =IF(AND(Flights[[#This Row],[Airline]]="US Airways", Flights[[#This Row],[Meal]]="Full Meal"), "Yes", "No") -> No | U12: 0.20416667 | V12: 13 | W12: =IF(Flights[[#This Row],[Arrival Delay]] = "", "Cancelled", IF(Flights[[#This Row],[Arrival Delay]]>15, "Delayed", "On time")) -> On time | X12: =IF(Flights[[#This Row],[Status]]<>"Delayed","", IF(Flights[[#This Row],[Arrival Delay]]>120, "Severe", IF(Flights[[#This Row],[Arrival Delay]]>60, "Major", "Moderate"))) | Y12: FALSE | AA12: =IF(OR(AND(Flights[[#This Row],[Status]]="Cancelled", Flights[[#This Row],[Cancellation Reason]]="Airline/Carrier"), Flights[[#This Row],[Delay Type]]="Severe"), "Yes", "No") -> No
A13: 42005 | B13: =WEEKNUM(Flights[[#This Row],[Date]], 1) -> 1 | C13: =WEEKDAY(Flights[[#This Row],[Date]],1) -> 5 | D13: OO2578 | E13: Skywest | F13: LAX | G13: SJC | H13: =_xlfn.XLOOKUP(Flights[[#This Row],[Destination]], Airports!$A$2:$A$78, Airports!$D$2:$D$78) -> San Jose | I13: {=_xlfn.XLOOKUP(Flights[[#This Row],[Destination]],_xlfn._TRO_TRAILING( Airports!A:A),_xlfn._TRO_TRAILING( Airports!E:E), "Not found")} -> CA | J13: 0.89236111 | K13: =HOUR(Flights[[#This Row],[Scheduled Departure]]) -> 21 | L13: 0.91736111 | M13: =(L13-J13)*24*60 -> 36 | N13: =Flights[[#This Row],[Length (min)]]/60 -> 1.0833333 | O13: 65 | P13: 308 | Q13: =IFERROR(Flights[[#This Row],[Distance]]/Flights[[#This Row],[Length (hr)]], "") -> 284.30769 | R13: 0.94097222 | S13: =IF(Flights[[#This Row],[Length (hr)]]<2, "No meal", IF(Flights[[#This Row],[Length (hr)]]<3.5, "Light meal", "Full meal")) -> No meal | T13: =IF(AND(Flights[[#This Row],[Airline]]="US Airways", Flights[[#This Row],[Meal]]="Full Meal"), "Yes", "No") -> No | U13: 0.9625 | V13: 31 | W13: =IF(Flights[[#This Row],[Arrival Delay]] = "", "Cancelled", IF(Flights[[#This Row],[Arrival Delay]]>15, "Delayed", "On time")) -> Delayed | X13: =IF(Flights[[#This Row],[Status]]<>"Delayed","", IF(Flights[[#This Row],[Arrival Delay]]>120, "Severe", IF(Flights[[#This Row],[Arrival Delay]]>60, "Major", "Moderate"))) -> Moderate | Y13: FALSE | AA13: =IF(OR(AND(Flights[[#This Row],[Status]]="Cancelled", Flights[[#This Row],[Cancellation Reason]]="Airline/Carrier"), Flights[[#This Row],[Delay Type]]="Severe"), "Yes", "No") -> No
... A74: 42010 | B74: =WEEKNUM(Flights[[#This Row],[Date]], 1) -> 2 | C74: =WEEKDAY(Flights[[#This Row],[Date]],1) -> 3 | D74: AA247 | E74: American Airlines | F74: LAX | G74: KOA | H74: =_xlfn.XLOOKUP(Flights[[#This Row],[Destination]], Airports!$A$2:$A$78, Airports!$D$2:$D$78) -> Kona | I74: {=_xlfn.XLOOKUP(Flights[[#This Row],[Destination]],_xlfn._TRO_TRAILING( Airports!A:A),_xlfn._TRO_TRAILING( Airports!E:E), "Not found")} -> HI | J74: 0.71527778 | K74: =HOUR(Flights[[#This Row],[Scheduled Departure]]) -> 17 | L74: 0.70902778 | M74: =(L74-J74)*24*60 -> -9 | N74: =Flights[[#This Row],[Length (min)]]/60 -> 5.9666667 | O74: 358 | P74: 2504 | Q74: =IFERROR(Flights[[#This Row],[Distance]]/Flights[[#This Row],[Length (hr)]], "") -> 419.6648 | R74: 0.87916667 | S74: =IF(Flights[[#This Row],[Length (hr)]]<2, "No meal", IF(Flights[[#This Row],[Length (hr)]]<3.5, "Light meal", "Full meal")) -> Full meal | T74: =IF(AND(Flights[[#This Row],[Airline]]="US Airways", Flights[[#This Row],[Meal]]="Full Meal"), "Yes", "No") -> No | U74: 0.87430556 | V74: -7 | W74: =IF(Flights[[#This Row],[Arrival Delay]] = "", "Cancelled", IF(Flights[[#This Row],[Arrival Delay]]>15, "Delayed", "On time")) -> On time | X74: =IF(Flights[[#This Row],[Status]]<>"Delayed","", IF(Flights[[#This Row],[Arrival Delay]]>120, "Severe", IF(Flights[[#This Row],[Arrival Delay]]>60, "Major", "Moderate"))) | Y74: FALSE | AA74: =IF(OR(AND(Flights[[#This Row],[Status]]="Cancelled", Flights[[#This Row],[Cancellation Reason]]="Airline/Carrier"), Flights[[#This Row],[Delay Type]]="Severe"), "Yes", "No") -> No
A75: 42010 | B75: =WEEKNUM(Flights[[#This Row],[Date]], 1) -> 2 | C75: =WEEKDAY(Flights[[#This Row],[Date]],1) -> 3 | D75: OO4678 | E75: Skywest | F75: LAX | G75: BOI | H75: =_xlfn.XLOOKUP(Flights[[#This Row],[Destination]], Airports!$A$2:$A$78, Airports!$D$2:$D$78) -> Boise | I75: {=_xlfn.XLOOKUP(Flights[[#This Row],[Destination]],_xlfn._TRO_TRAILING( Airports!A:A),_xlfn._TRO_TRAILING( Airports!E:E), "Not found")} -> ID | J75: 0.77083333 | K75: =HOUR(Flights[[#This Row],[Scheduled Departure]]) -> 18 | L75: 0 | M75: =(L75-J75)*24*60 -> -1110 | N75: =Flights[[#This Row],[Length (min)]]/60 -> 0 | P75: 674 | Q75: =IFERROR(Flights[[#This Row],[Distance]]/Flights[[#This Row],[Length (hr)]], "") | R75: 0.89791667 | S75: =IF(Flights[[#This Row],[Length (hr)]]<2, "No meal", IF(Flights[[#This Row],[Length (hr)]]<3.5, "Light meal", "Full meal")) -> No meal | T75: =IF(AND(Flights[[#This Row],[Airline]]="US Airways", Flights[[#This Row],[Meal]]="Full Meal"), "Yes", "No") -> No | U75: 0 | W75: =IF(Flights[[#This Row],[Arrival Delay]] = "", "Cancelled", IF(Flights[[#This Row],[Arrival Delay]]>15, "Delayed", "On time")) -> Cancelled | X75: =IF(Flights[[#This Row],[Status]]<>"Delayed","", IF(Flights[[#This Row],[Arrival Delay]]>120, "Severe", IF(Flights[[#This Row],[Arrival Delay]]>60, "Major", "Moderate"))) | Y75: TRUE | Z75: Weather | AA75: =IF(OR(AND(Flights[[#This Row],[Status]]="Cancelled", Flights[[#This Row],[Cancellation Reason]]="Airline/Carrier"), Flights[[#This Row],[Delay Type]]="Severe"), "Yes", "No") -> No
A76: 42010 | B76: =WEEKNUM(Flights[[#This Row],[Date]], 1) -> 2 | C76: =WEEKDAY(Flights[[#This Row],[Date]],1) -> 3 | D76: AA1410 | E76: American Airlines | F76: LAX | G76: LAS | H76: =_xlfn.XLOOKUP(Flights[[#This Row],[Destination]], Airports!$A$2:$A$78, Airports!$D$2:$D$78) -> Las Vegas | I76: {=_xlfn.XLOOKUP(Flights[[#This Row],[Destination]],_xlfn._TRO_TRAILING( Airports!A:A),_xlfn._TRO_TRAILING( Airports!E:E), "Not found")} -> NV | J76: 0.93333333 | K76: =HOUR(Flights[[#This Row],[Scheduled Departure]]) -> 22 | L76: 0.92916667 | M76: =(L76-J76)*24*60 -> -6 | N76: =Flights[[#This Row],[Length (min)]]/60 -> 1.0666667 | O76: 64 | P76: 236 | Q76: =IFERROR(Flights[[#This Row],[Distance]]/Flights[[#This Row],[Length (hr)]], "") -> 221.25 | R76: 0.98263889 | S76: =IF(Flights[[#This Row],[Length (hr)]]<2, "No meal", IF(Flights[[#This Row],[Length (hr)]]<3.5, "Light meal", "Full meal")) -> No meal | T76: =IF(AND(Flights[[#This Row],[Airline]]="US Airways", Flights[[#This Row],[Meal]]="Full Meal"), "Yes", "No") -> No | U76: 0.97361111 | V76: -13 | W76: =IF(Flights[[#This Row],[Arrival Delay]] = "", "Cancelled", IF(Flights[[#This Row],[Arrival Delay]]>15, "Delayed", "On time")) -> On time | X76: =IF(Flights[[#This Row],[Status]]<>"Delayed","", IF(Flights[[#This Row],[Arrival Delay]]>120, "Severe", IF(Flights[[#This Row],[Arrival Delay]]>60, "Major", "Moderate"))) | Y76: FALSE | AA76: =IF(OR(AND(Flights[[#This Row],[Status]]="Cancelled", Flights[[#This Row],[Cancellation Reason]]="Airline/Carrier"), Flights[[#This Row],[Delay Type]]="Severe"), "Yes", "No") -> No
A77: 42010 | B77: =WEEKNUM(Flights[[#This Row],[Date]], 1) -> 2 | C77: =WEEKDAY(Flights[[#This Row],[Date]],1) -> 3 | D77: B6688 | E77: JetBlue | F77: LAX | G77: BOS | H77: =_xlfn.XLOOKUP(Flights[[#This Row],[Destination]], Airports!$A$2:$A$78, Airports!$D$2:$D$78) -> Boston | I77: {=_xlfn.XLOOKUP(Flights[[#This Row],[Destination]],_xlfn._TRO_TRAILING( Airports!A:A),_xlfn._TRO_TRAILING( Airports!E:E), "Not found")} -> MA | J77: 0.99236111 | K77: =HOUR(Flights[[#This Row],[Scheduled Departure]]) -> 23 | L77: 0.03125 | M77: =(L77-J77)*24*60 -> -1384 | N77: =Flights[[#This Row],[Length (min)]]/60 -> 5.05 | O77: 303 | P77: 2611 | Q77: =IFERROR(Flights[[#This Row],[Distance]]/Flights[[#This Row],[Length (hr)]], "") -> 517.0297 | R77: 0.33958333 | S77: =IF(Flights[[#This Row],[Length (hr)]]<2, "No meal", IF(Flights[[#This Row],[Length (hr)]]<3.5, "Light meal", "Full meal")) -> Full meal | T77: =IF(AND(Flights[[#This Row],[Airline]]="US Airways", Flights[[#This Row],[Meal]]="Full Meal"), "Yes", "No") -> No | U77: 0.36666667 | V77: 39 | W77: =IF(Flights[[#This Row],[Arrival Delay]] = "", "Cancelled", IF(Flights[[#This Row],[Arrival Delay]]>15, "Delayed", "On time")) -> Delayed | X77: =IF(Flights[[#This Row],[Status]]<>"Delayed","", IF(Flights[[#This Row],[Arrival Delay]]>120, "Severe", IF(Flights[[#This Row],[Arrival Delay]]>60, "Major", "Moderate"))) -> Moderate | Y77: FALSE | AA77: =IF(OR(AND(Flights[[#This Row],[Status]]="Cancelled", Flights[[#This Row],[Cancellation Reason]]="Airline/Carrier"), Flights[[#This Row],[Delay Type]]="Severe"), "Yes", "No") -> No
A78: 42011 | B78: =WEEKNUM(Flights[[#This Row],[Date]], 1) -> 2 | C78: =WEEKDAY(Flights[[#This Row],[Date]],1) -> 4 | D78: AA387 | E78: American Airlines | F78: LAX | G78: AUS | H78: =_xlfn.XLOOKUP(Flights[[#This Row],[Destination]], Airports!$A$2:$A$78, Airports!$D$2:$D$78) -> Austin | I78: {=_xlfn.XLOOKUP(Flights[[#This Row],[Destination]],_xlfn._TRO_TRAILING( Airports!A:A),_xlfn._TRO_TRAILING( Airports!E:E), "Not found")} -> TX | J78: 0.26736111 | K78: =HOUR(Flights[[#This Row],[Scheduled Departure]]) -> 6 | L78: 0.2625 | M78: =(L78-J78)*24*60 -> -7 | N78: =Flights[[#This Row],[Length (min)]]/60 -> 3.1 | O78: 186 | P78: 1242 | Q78: =IFERROR(Flights[[#This Row],[Distance]]/Flights[[#This Row],[Length (hr)]], "") -> 400.64516 | R78: 0.47291667 | S78: =IF(Flights[[#This Row],[Length (hr)]]<2, "No meal", IF(Flights[[#This Row],[Length (hr)]]<3.5, "Light meal", "Full meal")) -> Light meal | T78: =IF(AND(Flights[[#This Row],[Airline]]="US Airways", Flights[[#This Row],[Meal]]="Full Meal"), "Yes", "No") -> No | U78: 0.475 | V78: 3 | W78: =IF(Flights[[#This Row],[Arrival Delay]] = "", "Cancelled", IF(Flights[[#This Row],[Arrival Delay]]>15, "Delayed", "On time")) -> On time | X78: =IF(Flights[[#This Row],[Status]]<>"Delayed","", IF(Flights[[#This Row],[Arrival Delay]]>120, "Severe", IF(Flights[[#This Row],[Arrival Delay]]>60, "Major", "Moderate"))) | Y78: FALSE | AA78: =IF(OR(AND(Flights[[#This Row],[Status]]="Cancelled", Flights[[#This Row],[Cancellation Reason]]="Airline/Carrier"), Flights[[#This Row],[Delay Type]]="Severe"), "Yes", "No") -> No
A79: 42011 | B79: =WEEKNUM(Flights[[#This Row],[Date]], 1) -> 2 | C79: =WEEKDAY(Flights[[#This Row],[Date]],1) -> 4 | D79: WN2864 | E79: Southwest | F79: LAX | G79: BWI | H79: =_xlfn.XLOOKUP(Flights[[#This Row],[Destination]], Airports!$A$2:$A$78, Airports!$D$2:$D$78) -> Baltimore | I79: {=_xlfn.XLOOKUP(Flights[[#This Row],[Destination]],_xlfn._TRO_TRAILING( Airports!A:A),_xlfn._TRO_TRAILING( Airports!E:E), "Not found")} -> MD | J79: 0.29166667 | K79: =HOUR(Flights[[#This Row],[Scheduled Departure]]) -> 7 | L79: 0.29722222 | M79: =(L79-J79)*24*60 -> 8 | N79: =Flights[[#This Row],[Length (min)]]/60 -> 4.7166667 | O79: 283 | P79: 2329 | Q79: =IFERROR(Flights[[#This Row],[Distance]]/Flights[[#This Row],[Length (hr)]], "") -> 493.78092 | R79: 0.62152778 | S79: =IF(Flights[[#This Row],[Length (hr)]]<2, "No meal", IF(Flights[[#This Row],[Length (hr)]]<3.5, "Light meal", "Full meal")) -> Full meal | T79: =IF(AND(Flights[[#This Row],[Airline]]="US Airways", Flights[[#This Row],[Meal]]="Full Meal"), "Yes", "No") -> No | U79: 0.61875 | V79: -4 | W79: =IF(Flights[[#This Row],[Arrival Delay]] = "", "Cancelled", IF(Flights[[#This Row],[Arrival Delay]]>15, "Delayed", "On time")) -> On time | X79: =IF(Flights[[#This Row],[Status]]<>"Delayed","", IF(Flights[[#This Row],[Arrival Delay]]>120, "Severe", IF(Flights[[#This Row],[Arrival Delay]]>60, "Major", "Moderate"))) | Y79: FALSE | AA79: =IF(OR(AND(Flights[[#This Row],[Status]]="Cancelled", Flights[[#This Row],[Cancellation Reason]]="Airline/Carrier"), Flights[[#This Row],[Delay Type]]="Severe"), "Yes", "No") -> No
A80: 42011 | B80: =WEEKNUM(Flights[[#This Row],[Date]], 1) -> 2 | C80: =WEEKDAY(Flights[[#This Row],[Date]],1) -> 4 | D80: UA1203 | E80: United | F80: LAX | G80: SFO | H80: =_xlfn.XLOOKUP(Flights[[#This Row],[Destination]], Airports!$A$2:$A$78, Airports!$D$2:$D$78) -> San Francisco | I80: {=_xlfn.XLOOKUP(Flights[[#This Row],[Destination]],_xlfn._TRO_TRAILING( Airports!A:A),_xlfn._TRO_TRAILING( Airports!E:E), "Not found")} -> CA | J80: 0.33333333 | K80: =HOUR(Flights[[#This Row],[Scheduled Departure]]) -> 8 | L80: 0.33680556 | M80: =(L80-J80)*24*60 -> 5 | N80: =Flights[[#This Row],[Length (min)]]/60 -> 1.25 | O80: 75 | P80: 337 | Q80: =IFERROR(Flights[[#This Row],[Distance]]/Flights[[#This Row],[Length (hr)]], "") -> 269.6 | R80: 0.39930556 | S80: =IF(Flights[[#This Row],[Length (hr)]]<2, "No meal", IF(Flights[[#This Row],[Length (hr)]]<3.5, "Light meal", "Full meal")) -> No meal | T80: =IF(AND(Flights[[#This Row],[Airline]]="US Airways", Flights[[#This Row],[Meal]]="Full Meal"), "Yes", "No") -> No | U80: 0.38888889 | V80: -15 | W80: =IF(Flights[[#This Row],[Arrival Delay]] = "", "Cancelled", IF(Flights[[#This Row],[Arrival Delay]]>15, "Delayed", "On time")) -> On time | X80: =IF(Flights[[#This Row],[Status]]<>"Delayed","", IF(Flights[[#This Row],[Arrival Delay]]>120, "Severe", IF(Flights[[#This Row],[Arrival Delay]]>60, "Major", "Moderate"))) | Y80: FALSE | AA80: =IF(OR(AND(Flights[[#This Row],[Status]]="Cancelled", Flights[[#This Row],[Cancellation Reason]]="Airline/Carrier"), Flights[[#This Row],[Delay Type]]="Severe"), "Yes", "No") -> No
A81: 42011 | B81: =WEEKNUM(Flights[[#This Row],[Date]], 1) -> 2 | C81: =WEEKDAY(Flights[[#This Row],[Date]],1) -> 4 | D81: UA1658 | E81: United | F81: LAX | G81: DEN | H81: =_xlfn.XLOOKUP(Flights[[#This Row],[Destination]], Airports!$A$2:$A$78, Airports!$D$2:$D$78) -> Denver | I81: {=_xlfn.XLOOKUP(Flights[[#This Row],[Destination]],_xlfn._TRO_TRAILING( Airports!A:A),_xlfn._TRO_TRAILING( Airports!E:E), "Not found")} -> CO | J81: 0.34375 | K81: =HOUR(Flights[[#This Row],[Scheduled Departure]]) -> 8 | L81: 0.35 | M81: =(L81-J81)*24*60 -> 9 | N81: =Flights[[#This Row],[Length (min)]]/60 -> 3.5666667 | O81: 214 | P81: 862 | Q81: =IFERROR(Flights[[#This Row],[Distance]]/Flights[[#This Row],[Length (hr)]], "") -> 241.68224 | R81: 0.48611111 | S81: =IF(Flights[[#This Row],[Length (hr)]]<2, "No meal", IF(Flights[[#This Row],[Length (hr)]]<3.5, "Light meal", "Full meal")) -> Full meal | T81: =IF(AND(Flights[[#This Row],[Airline]]="US Airways", Flights[[#This Row],[Meal]]="Full Meal"), "Yes", "No") -> No | U81: 0.54027778 | V81: 78 | W81: =IF(Flights[[#This Row],[Arrival Delay]] = "", "Cancelled", IF(Flights[[#This Row],[Arrival Delay]]>15, "Delayed", "On time")) -> Delayed | X81: =IF(Flights[[#This Row],[Status]]<>"Delayed","", IF(Flights[[#This Row],[Arrival Delay]]>120, "Severe", IF(Flights[[#This Row],[Arrival Delay]]>60, "Major", "Moderate"))) -> Major | Y81: FALSE | AA81: =IF(OR(AND(Flights[[#This Row],[Status]]="Cancelled", Flights[[#This Row],[Cancellation Reason]]="Airline/Carrier"), Flights[[#This Row],[Delay Type]]="Severe"), "Yes", "No") -> No
A82: 42011 | B82: =WEEKNUM(Flights[[#This Row],[Date]], 1) -> 2 | C82: =WEEKDAY(Flights[[#This Row],[Date]],1) -> 4 | D82: AA265 | E82: American Airlines | F82: LAX | G82: LIH | H82: =_xlfn.XLOOKUP(Flights[[#This Row],[Destination]], Airports!$A$2:$A$78, Airports!$D$2:$D$78) -> Lihue | I82: {=_xlfn.XLOOKUP(Flights[[#This Row],[Destination]],_xlfn._TRO_TRAILING( Airports!A:A),_xlfn._TRO_TRAILING( Airports!E:E), "Not found")} -> HI | J82: 0.38541667 | K82: =HOUR(Flights[[#This Row],[Scheduled Departure]]) -> 9 | L82: 0.38055556 | M82: =(L82-J82)*24*60 -> -7 | N82: =Flights[[#This Row],[Length (min)]]/60 -> 6.4833333 | O82: 389 | P82: 2615 | Q82: =IFERROR(Flights[[#This Row],[Distance]]/Flights[[#This Row],[Length (hr)]], "") -> 403.3419 | R82: 0.56597222 | S82: =IF(Flights[[#This Row],[Length (hr)]]<2, "No meal", IF(Flights[[#This Row],[Length (hr)]]<3.5, "Light meal", "Full meal")) -> Full meal | T82: =IF(AND(Flights[[#This Row],[Airline]]="US Airways", Flights[[#This Row],[Meal]]="Full Meal"), "Yes", "No") -> No | U82: 0.56736111 | V82: 2 | W82: =IF(Flights[[#This Row],[Arrival Delay]] = "", "Cancelled", IF(Flights[[#This Row],[Arrival Delay]]>15, "Delayed", "On time")) -> On time | X82: =IF(Flights[[#This Row],[Status]]<>"Delayed","", IF(Flights[[#This Row],[Arrival Delay]]>120, "Severe", IF(Flights[[#This Row],[Arrival Delay]]>60, "Major", "Moderate"))) | Y82: FALSE | AA82: =IF(OR(AND(Flights[[#This Row],[Status]]="Cancelled", Flights[[#This Row],[Cancellation Reason]]="Airline/Carrier"), Flights[[#This Row],[Delay Type]]="Severe"), "Yes", "No") -> No
A83: 42011 | B83: =WEEKNUM(Flights[[#This Row],[Date]], 1) -> 2 | C83: =WEEKDAY(Flights[[#This Row],[Date]],1) -> 4 | D83: WN2152 | E83: Southwest | F83: LAX | G83: SFO | H83: =_xlfn.XLOOKUP(Flights[[#This Row],[Destination]], Airports!$A$2:$A$78, Airports!$D$2:$D$78) -> San Francisco | I83: {=_xlfn.XLOOKUP(Flights[[#This Row],[Destination]],_xlfn._TRO_TRAILING( Airports!A:A),_xlfn._TRO_TRAILING( Airports!E:E), "Not found")} -> CA | J83: 0.40972222 | K83: =HOUR(Flights[[#This Row],[Scheduled Departure]]) -> 9 | L83: 0.40902778 | M83: =(L83-J83)*24*60 -> -1 | N83: =Flights[[#This Row],[Length (min)]]/60 -> 1.1 | O83: 66 | P83: 337 | Q83: =IFERROR(Flights[[#This Row],[Distance]]/Flights[[#This Row],[Length (hr)]], "") -> 306.36364 | R83: 0.47222222 | S83: =IF(Flights[[#This Row],[Length (hr)]]<2, "No meal", IF(Flights[[#This Row],[Length (hr)]]<3.5, "Light meal", "Full meal")) -> No meal | T83: =IF(AND(Flights[[#This Row],[Airline]]="US Airways", Flights[[#This Row],[Meal]]="Full Meal"), "Yes", "No") -> No | U83: 0.45486111 | V83: -25 | W83: =IF(Flights[[#This Row],[Arrival Delay]] = "", "Cancelled", IF(Flights[[#This Row],[Arrival Delay]]>15, "Delayed", "On time")) -> On time | X83: =IF(Flights[[#This Row],[Status]]<>"Delayed","", IF(Flights[[#This Row],[Arrival Delay]]>120, "Severe", IF(Flights[[#This Row],[Arrival Delay]]>60, "Major", "Moderate"))) | Y83: FALSE | AA83: =IF(OR(AND(Flights[[#This Row],[Status]]="Cancelled", Flights[[#This Row],[Cancellation Reason]]="Airline/Carrier"), Flights[[#This Row],[Delay Type]]="Severe"), "Yes", "No") -> No
A84: 42011 | B84: =WEEKNUM(Flights[[#This Row],[Date]], 1) -> 2 | C84: =WEEKDAY(Flights[[#This Row],[Date]],1) -> 4 | D84: WN4304 | E84: Southwest | F84: LAX | G84: SJC | H84: =_xlfn.XLOOKUP(Flights[[#This Row],[Destination]], Airports!$A$2:$A$78, Airports!$D$2:$D$78) -> San Jose | I84: {=_xlfn.XLOOKUP(Flights[[#This Row],[Destination]],_xlfn._TRO_TRAILING( Airports!A:A),_xlfn._TRO_TRAILING( Airports!E:E), "Not found")} -> CA | J84: 0.45833333 | K84: =HOUR(Flights[[#This Row],[Scheduled Departure]]) -> 11 | L84: 0.46111111 | M84: =(L84-J84)*24*60 -> 4 | N84: =Flights[[#This Row],[Length (min)]]/60 -> 1.05 | O84: 63 | P84: 308 | Q84: =IFERROR(Flights[[#This Row],[Distance]]/Flights[[#This Row],[Length (hr)]], "") -> 293.33333 | R84: 0.50347222 | S84: =IF(Flights[[#This Row],[Length (hr)]]<2, "No meal", IF(Flights[[#This Row],[Length (hr)]]<3.5, "Light meal", "Full meal")) -> No meal | T84: =IF(AND(Flights[[#This Row],[Airline]]="US Airways", Flights[[#This Row],[Meal]]="Full Meal"), "Yes", "No") -> No | U84: 0.50486111 | V84: 2 | W84: =IF(Flights[[#This Row],[Arrival Delay]] = "", "Cancelled", IF(Flights[[#This Row],[Arrival Delay]]>15, "Delayed", "On time")) -> On time | X84: =IF(Flights[[#This Row],[Status]]<>"Delayed","", IF(Flights[[#This Row],[Arrival Delay]]>120, "Severe", IF(Flights[[#This Row],[Arrival Delay]]>60, "Major", "Moderate"))) | Y84: FALSE | AA84: =IF(OR(AND(Flights[[#This Row],[Status]]="Cancelled", Flights[[#This Row],[Cancellation Reason]]="Airline/Carrier"), Flights[[#This Row],[Delay Type]]="Severe"), "Yes", "No") -> No
A85: 42011 | B85: =WEEKNUM(Flights[[#This Row],[Date]], 1) -> 2 | C85: =WEEKDAY(Flights[[#This Row],[Date]],1) -> 4 | D85: OO4825 | E85: Skywest | F85: LAX | G85: SJC | H85: =_xlfn.XLOOKUP(Flights[[#This Row],[Destination]], Airports!$A$2:$A$78, Airports!$D$2:$D$78) -> San Jose | I85: {=_xlfn.XLOOKUP(Flights[[#This Row],[Destination]],_xlfn._TRO_TRAILING( Airports!A:A),_xlfn._TRO_TRAILING( Airports!E:E), "Not found")} -> CA | J85: 0.52777778 | K85: =HOUR(Flights[[#This Row],[Scheduled Departure]]) -> 12 | L85: 0.53472222 | M85: =(L85-J85)*24*60 -> 10 | N85: =Flights[[#This Row],[Length (min)]]/60 -> 1.1166667 | O85: 67 | P85: 308 | Q85: =IFERROR(Flights[[#This Row],[Distance]]/Flights[[#This Row],[Length (hr)]], "") -> 275.8209 | R85: 0.57986111 | S85: =IF(Flights[[#This Row],[Length (hr)]]<2, "No meal", IF(Flights[[#This Row],[Length (hr)]]<3.5, "Light meal", "Full meal")) -> No meal | T85: =IF(AND(Flights[[#This Row],[Airline]]="US Airways", Flights[[#This Row],[Meal]]="Full Meal"), "Yes", "No") -> No | U85: 0.58125 | V85: 2 | W85: =IF(Flights[[#This Row],[Arrival Delay]] = "", "Cancelled", IF(Flights[[#This Row],[Arrival Delay]]>15, "Delayed", "On time")) -> On time | X85: =IF(Flights[[#This Row],[Status]]<>"Delayed","", IF(Flights[[#This Row],[Arrival Delay]]>120, "Severe", IF(Flights[[#This Row],[Arrival Delay]]>60, "Major", "Moderate"))) | Y85: FALSE | AA85: =IF(OR(AND(Flights[[#This Row],[Status]]="Cancelled", Flights[[#This Row],[Cancellation Reason]]="Airline/Carrier"), Flights[[#This Row],[Delay Type]]="Severe"), "Yes", "No") -> No
A86: 42011 | B86: =WEEKNUM(Flights[[#This Row],[Date]], 1) -> 2 | C86: =WEEKDAY(Flights[[#This Row],[Date]],1) -> 4 | D86: OO6496 | E86: Skywest | F86: LAX | G86: COS | H86: =_xlfn.XLOOKUP(Flights[[#This Row],[Destination]], Airports!$A$2:$A$78, Airports!$D$2:$D$78) -> Colorado Springs | I86: {=_xlfn.XLOOKUP(Flights[[#This Row],[Destination]],_xlfn._TRO_TRAILING( Airports!A:A),_xlfn._TRO_TRAILING( Airports!E:E), "Not found")} -> CO | J86: 0.79861111 | K86: =HOUR(Flights[[#This Row],[Scheduled Departure]]) -> 19 | L86: 0.79375 | M86: =(L86-J86)*24*60 -> -7 | N86: =Flights[[#This Row],[Length (min)]]/60 -> 2.4666667 | O86: 148 | P86: 833 | Q86: =IFERROR(Flights[[#This Row],[Distance]]/Flights[[#This Row],[Length (hr)]], "") -> 337.7027 | R86: 0.93194444 | S86: =IF(Flights[[#This Row],[Length (hr)]]<2, "No meal", IF(Flights[[#This Row],[Length (hr)]]<3.5, "Light meal", "Full meal")) -> Light meal | T86: =IF(AND(Flights[[#This Row],[Airline]]="US Airways", Flights[[#This Row],[Meal]]="Full Meal"), "Yes", "No") -> No | U86: 0.93819444 | V86: 9 | W86: =IF(Flights[[#This Row],[Arrival Delay]] = "", "Cancelled", IF(Flights[[#This Row],[Arrival Delay]]>15, "Delayed", "On time")) -> On time | X86: =IF(Flights[[#This Row],[Status]]<>"Delayed","", IF(Flights[[#This Row],[Arrival Delay]]>120, "Severe", IF(Flights[[#This Row],[Arrival Delay]]>60, "Major", "Moderate"))) | Y86: FALSE | AA86: =IF(OR(AND(Flights[[#This Row],[Status]]="Cancelled", Flights[[#This Row],[Cancellation Reason]]="Airline/Carrier"), Flights[[#This Row],[Delay Type]]="Severe"), "Yes", "No") -> No
A87: 42012 | B87: =WEEKNUM(Flights[[#This Row],[Date]], 1) -> 2 | C87: =WEEKDAY(Flights[[#This Row],[Date]],1) -> 5 | D87: WN4236 | E87: Southwest | F87: LAX | G87: OAK | H87: =_xlfn.XLOOKUP(Flights[[#This Row],[Destination]], Airports!$A$2:$A$78, Airports!$D$2:$D$78) -> Oakland | I87: {=_xlfn.XLOOKUP(Flights[[#This Row],[Destination]],_xlfn._TRO_TRAILING( Airports!A:A),_xlfn._TRO_TRAILING( Airports!E:E), "Not found")} -> CA | J87: 0.375 | K87: =HOUR(Flights[[#This Row],[Scheduled Departure]]) -> 9 | L87: 0.37361111 | M87: =(L87-J87)*24*60 -> -2 | N87: =Flights[[#This Row],[Length (min)]]/60 -> 1.0833333 | O87: 65 | P87: 337 | Q87: =IFERROR(Flights[[#This Row],[Distance]]/Flights[[#This Row],[Length (hr)]], "") -> 311.07692 | R87: 0.43055556 | S87: =IF(Flights[[#This Row],[Length (hr)]]<2, "No meal", IF(Flights[[#This Row],[Length (hr)]]<3.5, "Light meal", "Full meal")) -> No meal | T87: =IF(AND(Flights[[#This Row],[Airline]]="US Airways", Flights[[#This Row],[Meal]]="Full Meal"), "Yes", "No") -> No | U87: 0.41875 | V87: -17 | W87: =IF(Flights[[#This Row],[Arrival Delay]] = "", "Cancelled", IF(Flights[[#This Row],[Arrival Delay]]>15, "Delayed", "On time")) -> On time | X87: =IF(Flights[[#This Row],[Status]]<>"Delayed","", IF(Flights[[#This Row],[Arrival Delay]]>120, "Severe", IF(Flights[[#This Row],[Arrival Delay]]>60, "Major", "Moderate"))) | Y87: FALSE | AA87: =IF(OR(AND(Flights[[#This Row],[Status]]="Cancelled", Flights[[#This Row],[Cancellation Reason]]="Airline/Carrier"), Flights[[#This Row],[Delay Type]]="Severe"), "Yes", "No") -> No
... A95: 42012 | B95: =WEEKNUM(Flights[[#This Row],[Date]], 1) -> 2 | C95: =WEEKDAY(Flights[[#This Row],[Date]],1) -> 5 | D95: UA438 | E95: United | F95: LAX | G95: ORD | H95: =_xlfn.XLOOKUP(Flights[[#This Row],[Destination]], Airports!$A$2:$A$78, Airports!$D$2:$D$78) -> Chicago | I95: {=_xlfn.XLOOKUP(Flights[[#This Row],[Destination]],_xlfn._TRO_TRAILING( Airports!A:A),_xlfn._TRO_TRAILING( Airports!E:E), "Not found")} -> IL | J95: 0.71458333 | K95: =HOUR(Flights[[#This Row],[Scheduled Departure]]) -> 17 | L95: 0.71111111 | M95: =(L95-J95)*24*60 -> -5 | N95: =Flights[[#This Row],[Length (min)]]/60 -> 5.8166667 | O95: 349 | P95: 1744 | Q95: =IFERROR(Flights[[#This Row],[Distance]]/Flights[[#This Row],[Length (hr)]], "") -> 299.82808 | R95: 0.97222222 | S95: =IF(Flights[[#This Row],[Length (hr)]]<2, "No meal", IF(Flights[[#This Row],[Length (hr)]]<3.5, "Light meal", "Full meal")) -> Full meal | T95: =IF(AND(Flights[[#This Row],[Airline]]="US Airways", Flights[[#This Row],[Meal]]="Full Meal"), "Yes", "No") -> No | U95: 0.036805556 | V95: 93 | W95: =IF(Flights[[#This Row],[Arrival Delay]] = "", "Cancelled", IF(Flights[[#This Row],[Arrival Delay]]>15, "Delayed", "On time")) -> Delayed | X95: =IF(Flights[[#This Row],[Status]]<>"Delayed","", IF(Flights[[#This Row],[Arrival Delay]]>120, "Severe", IF(Flights[[#This Row],[Arrival Delay]]>60, "Major", "Moderate"))) -> Major | Y95: FALSE | AA95: =IF(OR(AND(Flights[[#This Row],[Status]]="Cancelled", Flights[[#This Row],[Cancellation Reason]]="Airline/Carrier"), Flights[[#This Row],[Delay Type]]="Severe"), "Yes", "No") -> No
A96: 42012 | B96: =WEEKNUM(Flights[[#This Row],[Date]], 1) -> 2 | C96: =WEEKDAY(Flights[[#This Row],[Date]],1) -> 5 | D96: OO2600 | E96: Skywest | F96: LAX | G96: RDM | H96: =_xlfn.XLOOKUP(Flights[[#This Row],[Destination]], Airports!$A$2:$A$78, Airports!$D$2:$D$78) -> Redmond | I96: {=_xlfn.XLOOKUP(Flights[[#This Row],[Destination]],_xlfn._TRO_TRAILING( Airports!A:A),_xlfn._TRO_TRAILING( Airports!E:E), "Not found")} -> OR | J96: 0.74583333 | K96: =HOUR(Flights[[#This Row],[Scheduled Departure]]) -> 17 | L96: 0 | M96: =(L96-J96)*24*60 -> -1074 | N96: =Flights[[#This Row],[Length (min)]]/60 -> 0 | P96: 726 | Q96: =IFERROR(Flights[[#This Row],[Distance]]/Flights[[#This Row],[Length (hr)]], "") | R96: 0.83263889 | S96: =IF(Flights[[#This Row],[Length (hr)]]<2, "No meal", IF(Flights[[#This Row],[Length (hr)]]<3.5, "Light meal", "Full meal")) -> No meal | T96: =IF(AND(Flights[[#This Row],[Airline]]="US Airways", Flights[[#This Row],[Meal]]="Full Meal"), "Yes", "No") -> No | U96: 0 | W96: =IF(Flights[[#This Row],[Arrival Delay]] = "", "Cancelled", IF(Flights[[#This Row],[Arrival Delay]]>15, "Delayed", "On time")) -> Cancelled | X96: =IF(Flights[[#This Row],[Status]]<>"Delayed","", IF(Flights[[#This Row],[Arrival Delay]]>120, "Severe", IF(Flights[[#This Row],[Arrival Delay]]>60, "Major", "Moderate"))) | Y96: TRUE | Z96: Weather | AA96: =IF(OR(AND(Flights[[#This Row],[Status]]="Cancelled", Flights[[#This Row],[Cancellation Reason]]="Airline/Carrier"), Flights[[#This Row],[Delay Type]]="Severe"), "Yes", "No") -> No
A97: 42012 | B97: =WEEKNUM(Flights[[#This Row],[Date]], 1) -> 2 | C97: =WEEKDAY(Flights[[#This Row],[Date]],1) -> 5 | D97: WN3588 | E97: Southwest | F97: LAX | G97: OAK | H97: =_xlfn.XLOOKUP(Flights[[#This Row],[Destination]], Airports!$A$2:$A$78, Airports!$D$2:$D$78) -> Oakland | I97: {=_xlfn.XLOOKUP(Flights[[#This Row],[Destination]],_xlfn._TRO_TRAILING( Airports!A:A),_xlfn._TRO_TRAILING( Airports!E:E), "Not found")} -> CA | J97: 0.76388889 | K97: =HOUR(Flights[[#This Row],[Scheduled Departure]]) -> 18 | L97: 0.76597222 | M97: =(L97-J97)*24*60 -> 3 | N97: =Flights[[#This Row],[Length (min)]]/60 -> 1.0666667 | O97: 64 | P97: 337 | Q97: =IFERROR(Flights[[#This Row],[Distance]]/Flights[[#This Row],[Length (hr)]], "") -> 315.9375 | R97: 0.81597222 | S97: =IF(Flights[[#This Row],[Length (hr)]]<2, "No meal", IF(Flights[[#This Row],[Length (hr)]]<3.5, "Light meal", "Full meal")) -> No meal | T97: =IF(AND(Flights[[#This Row],[Airline]]="US Airways", Flights[[#This Row],[Meal]]="Full Meal"), "Yes", "No") -> No | U97: 0.81041667 | V97: -8 | W97: =IF(Flights[[#This Row],[Arrival Delay]] = "", "Cancelled", IF(Flights[[#This Row],[Arrival Delay]]>15, "Delayed", "On time")) -> On time | X97: =IF(Flights[[#This Row],[Status]]<>"Delayed","", IF(Flights[[#This Row],[Arrival Delay]]>120, "Severe", IF(Flights[[#This Row],[Arrival Delay]]>60, "Major", "Moderate"))) | Y97: FALSE | AA97: =IF(OR(AND(Flights[[#This Row],[Status]]="Cancelled", Flights[[#This Row],[Cancellation Reason]]="Airline/Carrier"), Flights[[#This Row],[Delay Type]]="Severe"), "Yes", "No") -> No
A98: 42012 | B98: =WEEKNUM(Flights[[#This Row],[Date]], 1) -> 2 | C98: =WEEKDAY(Flights[[#This Row],[Date]],1) -> 5 | D98: WN816 | E98: Southwest | F98: LAX | G98: OAK | H98: =_xlfn.XLOOKUP(Flights[[#This Row],[Destination]], Airports!$A$2:$A$78, Airports!$D$2:$D$78) -> Oakland | I98: {=_xlfn.XLOOKUP(Flights[[#This Row],[Destination]],_xlfn._TRO_TRAILING( Airports!A:A),_xlfn._TRO_TRAILING( Airports!E:E), "Not found")} -> CA | J98: 0.81597222 | K98: =HOUR(Flights[[#This Row],[Scheduled Departure]]) -> 19 | L98: 0.81319444 | M98: =(L98-J98)*24*60 -> -4 | N98: =Flights[[#This Row],[Length (min)]]/60 -> 1.0666667 | O98: 64 | P98: 337 | Q98: =IFERROR(Flights[[#This Row],[Distance]]/Flights[[#This Row],[Length (hr)]], "") -> 315.9375 | R98: 0.86805556 | S98: =IF(Flights[[#This Row],[Length (hr)]]<2, "No meal", IF(Flights[[#This Row],[Length (hr)]]<3.5, "Light meal", "Full meal")) -> No meal | T98: =IF(AND(Flights[[#This Row],[Airline]]="US Airways", Flights[[#This Row],[Meal]]="Full Meal"), "Yes", "No") -> No | U98: 0.85763889 | V98: -15 | W98: =IF(Flights[[#This Row],[Arrival Delay]] = "", "Cancelled", IF(Flights[[#This Row],[Arrival Delay]]>15, "Delayed", "On time")) -> On time | X98: =IF(Flights[[#This Row],[Status]]<>"Delayed","", IF(Flights[[#This Row],[Arrival Delay]]>120, "Severe", IF(Flights[[#This Row],[Arrival Delay]]>60, "Major", "Moderate"))) | Y98: FALSE | AA98: =IF(OR(AND(Flights[[#This Row],[Status]]="Cancelled", Flights[[#This Row],[Cancellation Reason]]="Airline/Carrier"), Flights[[#This Row],[Delay Type]]="Severe"), "Yes", "No") -> No
A99: 42013 | B99: =WEEKNUM(Flights[[#This Row],[Date]], 1) -> 2 | C99: =WEEKDAY(Flights[[#This Row],[Date]],1) -> 6 | D99: UA1679 | E99: United | F99: LAX | G99: SFO | H99: =_xlfn.XLOOKUP(Flights[[#This Row],[Destination]], Airports!$A$2:$A$78, Airports!$D$2:$D$78) -> San Francisco | I99: {=_xlfn.XLOOKUP(Flights[[#This Row],[Destination]],_xlfn._TRO_TRAILING( Airports!A:A),_xlfn._TRO_TRAILING( Airports!E:E), "Not found")} -> CA | J99: 0.25 | K99: =HOUR(Flights[[#This Row],[Scheduled Departure]]) -> 6 | L99: 0.40625 | M99: =(L99-J99)*24*60 -> 225 | N99: =Flights[[#This Row],[Length (min)]]/60 -> 1.1166667 | O99: 67 | P99: 337 | Q99: =IFERROR(Flights[[#This Row],[Distance]]/Flights[[#This Row],[Length (hr)]], "") -> 301.79104 | R99: 0.31180556 | S99: =IF(Flights[[#This Row],[Length (hr)]]<2, "No meal", IF(Flights[[#This Row],[Length (hr)]]<3.5, "Light meal", "Full meal")) -> No meal | T99: =IF(AND(Flights[[#This Row],[Airline]]="US Airways", Flights[[#This Row],[Meal]]="Full Meal"), "Yes", "No") -> No | U99: 0.45277778 | V99: 203 | W99: =IF(Flights[[#This Row],[Arrival Delay]] = "", "Cancelled", IF(Flights[[#This Row],[Arrival Delay]]>15, "Delayed", "On time")) -> Delayed | X99: =IF(Flights[[#This Row],[Status]]<>"Delayed","", IF(Flights[[#This Row],[Arrival Delay]]>120, "Severe", IF(Flights[[#This Row],[Arrival Delay]]>60, "Major", "Moderate"))) -> Severe | Y99: FALSE | AA99: =IF(OR(AND(Flights[[#This Row],[Status]]="Cancelled", Flights[[#This Row],[Cancellation Reason]]="Airline/Carrier"), Flights[[#This Row],[Delay Type]]="Severe"), "Yes", "No") -> Yes
A100: 42013 | B100: =WEEKNUM(Flights[[#This Row],[Date]], 1) -> 2 | C100: =WEEKDAY(Flights[[#This Row],[Date]],1) -> 6 | D100: B624 | E100: JetBlue | F100: LAX | G100: JFK | H100: =_xlfn.XLOOKUP(Flights[[#This Row],[Destination]], Airports!$A$2:$A$78, Airports!$D$2:$D$78) -> New York | I100: {=_xlfn.XLOOKUP(Flights[[#This Row],[Destination]],_xlfn._TRO_TRAILING( Airports!A:A),_xlfn._TRO_TRAILING( Airports!E:E), "Not found")} -> NY | J100: 0.27083333 | K100: =HOUR(Flights[[#This Row],[Scheduled Departure]]) -> 6 | L100: 0.26597222 | M100: =(L100-J100)*24*60 -> -7 | N100: =Flights[[#This Row],[Length (min)]]/60 -> 5.1333333 | O100: 308 | P100: 2475 | Q100: =IFERROR(Flights[[#This Row],[Distance]]/Flights[[#This Row],[Length (hr)]], "") -> 482.14286 | R100: 0.61458333 | S100: =IF(Flights[[#This Row],[Length (hr)]]<2, "No meal", IF(Flights[[#This Row],[Length (hr)]]<3.5, "Light meal", "Full meal")) -> Full meal | T100: =IF(AND(Flights[[#This Row],[Airline]]="US Airways", Flights[[#This Row],[Meal]]="Full Meal"), "Yes", "No") -> No | U100: 0.60486111 | V100: -14 | W100: =IF(Flights[[#This Row],[Arrival Delay]] = "", "Cancelled", IF(Flights[[#This Row],[Arrival Delay]]>15, "Delayed", "On time")) -> On time | X100: =IF(Flights[[#This Row],[Status]]<>"Delayed","", IF(Flights[[#This Row],[Arrival Delay]]>120, "Severe", IF(Flights[[#This Row],[Arrival Delay]]>60, "Major", "Moderate"))) | Y100: FALSE | AA100: =IF(OR(AND(Flights[[#This Row],[Status]]="Cancelled", Flights[[#This Row],[Cancellation Reason]]="Airline/Carrier"), Flights[[#This Row],[Delay Type]]="Severe"), "Yes", "No") -> No
A101: 42013 | B101: =WEEKNUM(Flights[[#This Row],[Date]], 1) -> 2 | C101: =WEEKDAY(Flights[[#This Row],[Date]],1) -> 6 | D101: UA330 | E101: United | F101: LAX | G101: IAH | H101: =_xlfn.XLOOKUP(Flights[[#This Row],[Destination]], Airports!$A$2:$A$78, Airports!$D$2:$D$78) -> Houston | I101: {=_xlfn.XLOOKUP(Flights[[#This Row],[Destination]],_xlfn._TRO_TRAILING( Airports!A:A),_xlfn._TRO_TRAILING( Airports!E:E), "Not found")} -> TX | J101: 0.28611111 | K101: =HOUR(Flights[[#This Row],[Scheduled Departure]]) -> 6 | L101: 0.28611111 | M101: =(L101-J101)*24*60 -> 0 | N101: =Flights[[#This Row],[Length (min)]]/60 -> 3.4333333 | O101: 206 | P101: 1379 | Q101: =IFERROR(Flights[[#This Row],[Distance]]/Flights[[#This Row],[Length (hr)]], "") -> 401.65049 | R101: 0.50416667 | S101: =IF(Flights[[#This Row],[Length (hr)]]<2, "No meal", IF(Flights[[#This Row],[Length (hr)]]<3.5, "Light meal", "Full meal")) -> Light meal | T101: =IF(AND(Flights[[#This Row],[Airline]]="US Airways", Flights[[#This Row],[Meal]]="Full Meal"), "Yes", "No") -> No | U101: 0.5125 | V101: 12 | W101: =IF(Flights[[#This Row],[Arrival Delay]] = "", "Cancelled", IF(Flights[[#This Row],[Arrival Delay]]>15, "Delayed", "On time")) -> On time | X101: =IF(Flights[[#This Row],[Status]]<>"Delayed","", IF(Flights[[#This Row],[Arrival Delay]]>120, "Severe", IF(Flights[[#This Row],[Arrival Delay]]>60, "Major", "Moderate"))) | Y101: FALSE | AA101: =IF(OR(AND(Flights[[#This Row],[Status]]="Cancelled", Flights[[#This Row],[Cancellation Reason]]="Airline/Carrier"), Flights[[#This Row],[Delay Type]]="Severe"), "Yes", "No") -> No
A102: 42013 | B102: =WEEKNUM(Flights[[#This Row],[Date]], 1) -> 2 | C102: =WEEKDAY(Flights[[#This Row],[Date]],1) -> 6 | D102: UA1236 | E102: United | F102: LAX | G102: ORD | H102: =_xlfn.XLOOKUP(Flights[[#This Row],[Destination]], Airports!$A$2:$A$78, Airports!$D$2:$D$78) -> Chicago | I102: {=_xlfn.XLOOKUP(Flights[[#This Row],[Destination]],_xlfn._TRO_TRAILING( Airports!A:A),_xlfn._TRO_TRAILING( Airports!E:E), "Not found")} -> IL | J102: 0.29166667 | K102: =HOUR(Flights[[#This Row],[Scheduled Departure]]) -> 7 | L102: 0.29305556 | M102: =(L102-J102)*24*60 -> 2 | N102: =Flights[[#This Row],[Length (min)]]/60 -> 4.65 | O102: 279 | P102: 1744 | Q102: =IFERROR(Flights[[#This Row],[Distance]]/Flights[[#This Row],[Length (hr)]], "") -> 375.05376 | R102: 0.54375 | S102: =IF(Flights[[#This Row],[Length (hr)]]<2, "No meal", IF(Flights[[#This Row],[Length (hr)]]<3.5, "Light meal", "Full meal")) -> Full meal | T102: =IF(AND(Flights[[#This Row],[Airline]]="US Airways", Flights[[#This Row],[Meal]]="Full Meal"), "Yes", "No") -> No | U102: 0.57013889 | V102: 38 | W102: =IF(Flights[[#This Row],[Arrival Delay]] = "", "Cancelled", IF(Flights[[#This Row],[Arrival Delay]]>15, "Delayed", "On time")) -> Delayed | X102: =IF(Flights[[#This Row],[Status]]<>"Delayed","", IF(Flights[[#This Row],[Arrival Delay]]>120, "Severe", IF(Flights[[#This Row],[Arrival Delay]]>60, "Major", "Moderate"))) -> Moderate | Y102: FALSE | AA102: =IF(OR(AND(Flights[[#This Row],[Status]]="Cancelled", Flights[[#This Row],[Cancellation Reason]]="Airline/Carrier"), Flights[[#This Row],[Delay Type]]="Severe"), "Yes", "No") -> No
A103: 42013 | B103: =WEEKNUM(Flights[[#This Row],[Date]], 1) -> 2 | C103: =WEEKDAY(Flights[[#This Row],[Date]],1) -> 6 | D103: US699 | E103: US Airways | F103: LAX | G103: RDU | H103: =_xlfn.XLOOKUP(Flights[[#This Row],[Destination]], Airports!$A$2:$A$78, Airports!$D$2:$D$78) -> Raleigh | I103: {=_xlfn.XLOOKUP(Flights[[#This Row],[Destination]],_xlfn._TRO_TRAILING( Airports!A:A),_xlfn._TRO_TRAILING( Airports!E:E), "Not found")} -> NC | J103: 0.34027778 | K103: =HOUR(Flights[[#This Row],[Scheduled Departure]]) -> 8 | L103: 0.3375 | M103: =(L103-J103)*24*60 -> -4 | N103: =Flights[[#This Row],[Length (min)]]/60 -> 4.75 | O103: 285 | P103: 2239 | Q103: =IFERROR(Flights[[#This Row],[Distance]]/Flights[[#This Row],[Length (hr)]], "") -> 471.36842 | R103: 0.65694444 | S103: =IF(Flights[[#This Row],[Length (hr)]]<2, "No meal", IF(Flights[[#This Row],[Length (hr)]]<3.5, "Light meal", "Full meal")) -> Full meal | T103: =IF(AND(Flights[[#This Row],[Airline]]="US Airways", Flights[[#This Row],[Meal]]="Full Meal"), "Yes", "No") -> Yes | U103: 0.66041667 | V103: 5 | W103: =IF(Flights[[#This Row],[Arrival Delay]] = "", "Cancelled", IF(Flights[[#This Row],[Arrival Delay]]>15, "Delayed", "On time")) -> On time | X103: =IF(Flights[[#This Row],[Status]]<>"Delayed","", IF(Flights[[#This Row],[Arrival Delay]]>120, "Severe", IF(Flights[[#This Row],[Arrival Delay]]>60, "Major", "Moderate"))) | Y103: FALSE | AA103: =IF(OR(AND(Flights[[#This Row],[Status]]="Cancelled", Flights[[#This Row],[Cancellation Reason]]="Airline/Carrier"), Flights[[#This Row],[Delay Type]]="Severe"), "Yes", "No") -> No
A104: 42013 | B104: =WEEKNUM(Flights[[#This Row],[Date]], 1) -> 2 | C104: =WEEKDAY(Flights[[#This Row],[Date]],1) -> 6 | D104: HA1 | E104: Hawaiian | F104: LAX | G104: HNL | H104: =_xlfn.XLOOKUP(Flights[[#This Row],[Destination]], Airports!$A$2:$A$78, Airports!$D$2:$D$78) -> Honolulu | I104: {=_xlfn.XLOOKUP(Flights[[#This Row],[Destination]],_xlfn._TRO_TRAILING( Airports!A:A),_xlfn._TRO_TRAILING( Airports!E:E), "Not found")} -> HI | J104: 0.36111111 | K104: =HOUR(Flights[[#This Row],[Scheduled Departure]]) -> 8 | L104: 0.35833333 | M104: =(L104-J104)*24*60 -> -4 | N104: =Flights[[#This Row],[Length (min)]]/60 -> 5.85 | O104: 351 | P104: 2556 | Q104: =IFERROR(Flights[[#This Row],[Distance]]/Flights[[#This Row],[Length (hr)]], "") -> 436.92308 | R104: 0.51736111 | S104: =IF(Flights[[#This Row],[Length (hr)]]<2, "No meal", IF(Flights[[#This Row],[Length (hr)]]<3.5, "Light meal", "Full meal")) -> Full meal | T104: =IF(AND(Flights[[#This Row],[Airline]]="US Airways", Flights[[#This Row],[Meal]]="Full Meal"), "Yes", "No") -> No | U104: 0.51875 | V104: 2 | W104: =IF(Flights[[#This Row],[Arrival Delay]] = "", "Cancelled", IF(Flights[[#This Row],[Arrival Delay]]>15, "Delayed", "On time")) -> On time | X104: =IF(Flights[[#This Row],[Status]]<>"Delayed","", IF(Flights[[#This Row],[Arrival Delay]]>120, "Severe", IF(Flights[[#This Row],[Arrival Delay]]>60, "Major", "Moderate"))) | Y104: FALSE | AA104: =IF(OR(AND(Flights[[#This Row],[Status]]="Cancelled", Flights[[#This Row],[Cancellation Reason]]="Airline/Carrier"), Flights[[#This Row],[Delay Type]]="Severe"), "Yes", "No") -> No
A105: 42013 | B105: =WEEKNUM(Flights[[#This Row],[Date]], 1) -> 2 | C105: =WEEKDAY(Flights[[#This Row],[Date]],1) -> 6 | D105: AA2 | E105: American Airlines | F105: LAX | G105: JFK | H105: =_xlfn.XLOOKUP(Flights[[#This Row],[Destination]], Airports!$A$2:$A$78, Airports!$D$2:$D$78) -> New York | I105: {=_xlfn.XLOOKUP(Flights[[#This Row],[Destination]],_xlfn._TRO_TRAILING( Airports!A:A),_xlfn._TRO_TRAILING( Airports!E:E), "Not found")} -> NY | J105: 0.375 | K105: =HOUR(Flights[[#This Row],[Scheduled Departure]]) -> 9 | L105: 0.36944444 | M105: =(L105-J105)*24*60 -> -8 | N105: =Flights[[#This Row],[Length (min)]]/60 -> 5.3166667 | O105: 319 | P105: 2475 | Q105: =IFERROR(Flights[[#This Row],[Distance]]/Flights[[#This Row],[Length (hr)]], "") -> 465.51724 | R105: 0.72847222 | S105: =IF(Flights[[#This Row],[Length (hr)]]<2, "No meal", IF(Flights[[#This Row],[Length (hr)]]<3.5, "Light meal", "Full meal")) -> Full meal | T105: =IF(AND(Flights[[#This Row],[Airline]]="US Airways", Flights[[#This Row],[Meal]]="Full Meal"), "Yes", "No") -> No | U105: 0.71597222 | V105: -18 | W105: =IF(Flights[[#This Row],[Arrival Delay]] = "", "Cancelled", IF(Flights[[#This Row],[Arrival Delay]]>15, "Delayed", "On time")) -> On time | X105: =IF(Flights[[#This Row],[Status]]<>"Delayed","", IF(Flights[[#This Row],[Arrival Delay]]>120, "Severe", IF(Flights[[#This Row],[Arrival Delay]]>60, "Major", "Moderate"))) | Y105: FALSE | AA105: =IF(OR(AND(Flights[[#This Row],[Status]]="Cancelled", Flights[[#This Row],[Cancellation Reason]]="Airline/Carrier"), Flights[[#This Row],[Delay Type]]="Severe"), "Yes", "No") -> No
A106: 42013 | B106: =WEEKNUM(Flights[[#This Row],[Date]], 1) -> 2 | C106: =WEEKDAY(Flights[[#This Row],[Date]],1) -> 6 | D106: OO2591 | E106: Skywest | F106: LAX | G106: SJC | H106: =_xlfn.XLOOKUP(Flights[[#This Row],[Destination]], Airports!$A$2:$A$78, Airports!$D$2:$D$78) -> San Jose | I106: {=_xlfn.XLOOKUP(Flights[[#This Row],[Destination]],_xlfn._TRO_TRAILING( Airports!A:A),_xlfn._TRO_TRAILING( Airports!E:E), "Not found")} -> CA | J106: 0.41666667 | K106: =HOUR(Flights[[#This Row],[Scheduled Departure]]) -> 10 | L106: 0.41388889 | M106: =(L106-J106)*24*60 -> -4 | N106: =Flights[[#This Row],[Length (min)]]/60 -> 1.1333333 | O106: 68 | P106: 308 | Q106: =IFERROR(Flights[[#This Row],[Distance]]/Flights[[#This Row],[Length (hr)]], "") -> 271.76471 | R106: 0.46666667 | S106: =IF(Flights[[#This Row],[Length (hr)]]<2, "No meal", IF(Flights[[#This Row],[Length (hr)]]<3.5, "Light meal", "Full meal")) -> No meal | T106: =IF(AND(Flights[[#This Row],[Airline]]="US Airways", Flights[[#This Row],[Meal]]="Full Meal"), "Yes", "No") -> No | U106: 0.46111111 | V106: -8 | W106: =IF(Flights[[#This Row],[Arrival Delay]] = "", "Cancelled", IF(Flights[[#This Row],[Arrival Delay]]>15, "Delayed", "On time")) -> On time | X106: =IF(Flights[[#This Row],[Status]]<>"Delayed","", IF(Flights[[#This Row],[Arrival Delay]]>120, "Severe", IF(Flights[[#This Row],[Arrival Delay]]>60, "Major", "Moderate"))) | Y106: FALSE | AA106: =IF(OR(AND(Flights[[#This Row],[Status]]="Cancelled", Flights[[#This Row],[Cancellation Reason]]="Airline/Carrier"), Flights[[#This Row],[Delay Type]]="Severe"), "Yes", "No") -> No
A107: 42013 | B107: =WEEKNUM(Flights[[#This Row],[Date]], 1) -> 2 | C107: =WEEKDAY(Flights[[#This Row],[Date]],1) -> 6 | D107: AS435 | E107: Alaska Airlines | F107: LAX | G107: PDX | H107: =_xlfn.XLOOKUP(Flights[[#This Row],[Destination]], Airports!$A$2:$A$78, Airports!$D$2:$D$78) -> Portland | I107: {=_xlfn.XLOOKUP(Flights[[#This Row],[Destination]],_xlfn._TRO_TRAILING( Airports!A:A),_xlfn._TRO_TRAILING( Airports!E:E), "Not found")} -> OR | J107: 0.43055556 | K107: =HOUR(Flights[[#This Row],[Scheduled Departure]]) -> 10 | L107: 0.42708333 | M107: =(L107-J107)*24*60 -> -5 | N107: =Flights[[#This Row],[Length (min)]]/60 -> 2.1 | O107: 126 | P107: 834 | Q107: =IFERROR(Flights[[#This Row],[Distance]]/Flights[[#This Row],[Length (hr)]], "") -> 397.14286 | R107: 0.53125 | S107: =IF(Flights[[#This Row],[Length (hr)]]<2, "No meal", IF(Flights[[#This Row],[Length (hr)]]<3.5, "Light meal", "Full meal")) -> Light meal | T107: =IF(AND(Flights[[#This Row],[Airline]]="US Airways", Flights[[#This Row],[Meal]]="Full Meal"), "Yes", "No") -> No | U107: 0.51458333 | V107: -24 | W107: =IF(Flights[[#This Row],[Arrival Delay]] = "", "Cancelled", IF(Flights[[#This Row],[Arrival Delay]]>15, "Delayed", "On time")) -> On time | X107: =IF(Flights[[#This Row],[Status]]<>"Delayed","", IF(Flights[[#This Row],[Arrival Delay]]>120, "Severe", IF(Flights[[#This Row],[Arrival Delay]]>60, "Major", "Moderate"))) | Y107: FALSE | AA107: =IF(OR(AND(Flights[[#This Row],[Status]]="Cancelled", Flights[[#This Row],[Cancellation Reason]]="Airline/Carrier"), Flights[[#This Row],[Delay Type]]="Severe"), "Yes", "No") -> No
A108: 42013 | B108: =WEEKNUM(Flights[[#This Row],[Date]], 1) -> 2 | C108: =WEEKDAY(Flights[[#This Row],[Date]],1) -> 6 | D108: DL1706 | E108: Delta | F108: LAX | G108: DTW | H108: =_xlfn.XLOOKUP(Flights[[#This Row],[Destination]], Airports!$A$2:$A$78, Airports!$D$2:$D$78) -> Detroit | I108: {=_xlfn.XLOOKUP(Flights[[#This Row],[Destination]],_xlfn._TRO_TRAILING( Airports!A:A),_xlfn._TRO_TRAILING( Airports!E:E), "Not found")} -> MI | J108: 0.47569444 | K108: =HOUR(Flights[[#This Row],[Scheduled Departure]]) -> 11 | L108: 0.475 | M108: =(L108-J108)*24*60 -> -1 | N108: =Flights[[#This Row],[Length (min)]]/60 -> 4.4 | O108: 264 | P108: 1979 | Q108: =IFERROR(Flights[[#This Row],[Distance]]/Flights[[#This Row],[Length (hr)]], "") -> 449.77273 | R108: 0.78958333 | S108: =IF(Flights[[#This Row],[Length (hr)]]<2, "No meal", IF(Flights[[#This Row],[Length (hr)]]<3.5, "Light meal", "Full meal")) -> Full meal | T108: =IF(AND(Flights[[#This Row],[Airline]]="US Airways", Flights[[#This Row],[Meal]]="Full Meal"), "Yes", "No") -> No | U108: 0.78333333 | V108: -9 | W108: =IF(Flights[[#This Row],[Arrival Delay]] = "", "Cancelled", IF(Flights[[#This Row],[Arrival Delay]]>15, "Delayed", "On time")) -> On time | X108: =IF(Flights[[#This Row],[Status]]<>"Delayed","", IF(Flights[[#This Row],[Arrival Delay]]>120, "Severe", IF(Flights[[#This Row],[Arrival Delay]]>60, "Major", "Moderate"))) | Y108: FALSE | AA108: =IF(OR(AND(Flights[[#This Row],[Status]]="Cancelled", Flights[[#This Row],[Cancellation Reason]]="Airline/Carrier"), Flights[[#This Row],[Delay Type]]="Severe"), "Yes", "No") -> No
... A309: 42030 | B309: =WEEKNUM(Flights[[#This Row],[Date]], 1) -> 5 | C309: =WEEKDAY(Flights[[#This Row],[Date]],1) -> 2 | D309: WN3758 | E309: Southwest | F309: LAX | G309: SMF | H309: =_xlfn.XLOOKUP(Flights[[#This Row],[Destination]], Airports!$A$2:$A$78, Airports!$D$2:$D$78) -> Sacramento | I309: {=_xlfn.XLOOKUP(Flights[[#This Row],[Destination]],_xlfn._TRO_TRAILING( Airports!A:A),_xlfn._TRO_TRAILING( Airports!E:E), "Not found")} -> CA | J309: 0.38888889 | K309: =HOUR(Flights[[#This Row],[Scheduled Departure]]) -> 9 | L309: 0.38680556 | M309: =(L309-J309)*24*60 -> -3 | N309: =Flights[[#This Row],[Length (min)]]/60 -> 1.2833333 | O309: 77 | P309: 373 | Q309: =IFERROR(Flights[[#This Row],[Distance]]/Flights[[#This Row],[Length (hr)]], "") -> 290.64935 | R309: 0.44444444 | S309: =IF(Flights[[#This Row],[Length (hr)]]<2, "No meal", IF(Flights[[#This Row],[Length (hr)]]<3.5, "Light meal", "Full meal")) -> No meal | T309: =IF(AND(Flights[[#This Row],[Airline]]="US Airways", Flights[[#This Row],[Meal]]="Full Meal"), "Yes", "No") -> No | U309: 0.44027778 | V309: -6 | W309: =IF(Flights[[#This Row],[Arrival Delay]] = "", "Cancelled", IF(Flights[[#This Row],[Arrival Delay]]>15, "Delayed", "On time")) -> On time | X309: =IF(Flights[[#This Row],[Status]]<>"Delayed","", IF(Flights[[#This Row],[Arrival Delay]]>120, "Severe", IF(Flights[[#This Row],[Arrival Delay]]>60, "Major", "Moderate"))) | Y309: FALSE | AA309: =IF(OR(AND(Flights[[#This Row],[Status]]="Cancelled", Flights[[#This Row],[Cancellation Reason]]="Airline/Carrier"), Flights[[#This Row],[Delay Type]]="Severe"), "Yes", "No") -> No
A310: 42030 | B310: =WEEKNUM(Flights[[#This Row],[Date]], 1) -> 5 | C310: =WEEKDAY(Flights[[#This Row],[Date]],1) -> 2 | D310: WN4122 | E310: Southwest | F310: LAX | G310: SFO | H310: =_xlfn.XLOOKUP(Flights[[#This Row],[Destination]], Airports!$A$2:$A$78, Airports!$D$2:$D$78) -> San Francisco | I310: {=_xlfn.XLOOKUP(Flights[[#This Row],[Destination]],_xlfn._TRO_TRAILING( Airports!A:A),_xlfn._TRO_TRAILING( Airports!E:E), "Not found")} -> CA | J310: 0.62152778 | K310: =HOUR(Flights[[#This Row],[Scheduled Departure]]) -> 14 | L310: 0 | M310: =(L310-J310)*24*60 -> -895 | N310: =Flights[[#This Row],[Length (min)]]/60 -> 0 | P310: 337 | Q310: =IFERROR(Flights[[#This Row],[Distance]]/Flights[[#This Row],[Length (hr)]], "") | R310: 0.67361111 | S310: =IF(Flights[[#This Row],[Length (hr)]]<2, "No meal", IF(Flights[[#This Row],[Length (hr)]]<3.5, "Light meal", "Full meal")) -> No meal | T310: =IF(AND(Flights[[#This Row],[Airline]]="US Airways", Flights[[#This Row],[Meal]]="Full Meal"), "Yes", "No") -> No | U310: 0 | W310: =IF(Flights[[#This Row],[Arrival Delay]] = "", "Cancelled", IF(Flights[[#This Row],[Arrival Delay]]>15, "Delayed", "On time")) -> Cancelled | X310: =IF(Flights[[#This Row],[Status]]<>"Delayed","", IF(Flights[[#This Row],[Arrival Delay]]>120, "Severe", IF(Flights[[#This Row],[Arrival Delay]]>60, "Major", "Moderate"))) | Y310: TRUE | Z310: Airline/Carrier | AA310: =IF(OR(AND(Flights[[#This Row],[Status]]="Cancelled", Flights[[#This Row],[Cancellation Reason]]="Airline/Carrier"), Flights[[#This Row],[Delay Type]]="Severe"), "Yes", "No") -> Yes
A311: 42030 | B311: =WEEKNUM(Flights[[#This Row],[Date]], 1) -> 5 | C311: =WEEKDAY(Flights[[#This Row],[Date]],1) -> 2 | D311: DL2362 | E311: Delta | F311: LAX | G311: JFK | H311: =_xlfn.XLOOKUP(Flights[[#This Row],[Destination]], Airports!$A$2:$A$78, Airports!$D$2:$D$78) -> New York | I311: {=_xlfn.XLOOKUP(Flights[[#This Row],[Destination]],_xlfn._TRO_TRAILING( Airports!A:A),_xlfn._TRO_TRAILING( Airports!E:E), "Not found")} -> NY | J311: 0.66666667 | K311: =HOUR(Flights[[#This Row],[Scheduled Departure]]) -> 16 | L311: 0 | M311: =(L311-J311)*24*60 -> -960 | N311: =Flights[[#This Row],[Length (min)]]/60 -> 0 | P311: 2475 | Q311: =IFERROR(Flights[[#This Row],[Distance]]/Flights[[#This Row],[Length (hr)]], "") | R311: 0.011111111 | S311: =IF(Flights[[#This Row],[Length (hr)]]<2, "No meal", IF(Flights[[#This Row],[Length (hr)]]<3.5, "Light meal", "Full meal")) -> No meal | T311: =IF(AND(Flights[[#This Row],[Airline]]="US Airways", Flights[[#This Row],[Meal]]="Full Meal"), "Yes", "No") -> No | U311: 0 | W311: =IF(Flights[[#This Row],[Arrival Delay]] = "", "Cancelled", IF(Flights[[#This Row],[Arrival Delay]]>15, "Delayed", "On time")) -> Cancelled | X311: =IF(Flights[[#This Row],[Status]]<>"Delayed","", IF(Flights[[#This Row],[Arrival Delay]]>120, "Severe", IF(Flights[[#This Row],[Arrival Delay]]>60, "Major", "Moderate"))) | Y311: TRUE | Z311: Weather | AA311: =IF(OR(AND(Flights[[#This Row],[Status]]="Cancelled", Flights[[#This Row],[Cancellation Reason]]="Airline/Carrier"), Flights[[#This Row],[Delay Type]]="Severe"), "Yes", "No") -> No
A312: 42030 | B312: =WEEKNUM(Flights[[#This Row],[Date]], 1) -> 5 | C312: =WEEKDAY(Flights[[#This Row],[Date]],1) -> 2 | D312: UA1429 | E312: United | F312: LAX | G312: IAD | H312: =_xlfn.XLOOKUP(Flights[[#This Row],[Destination]], Airports!$A$2:$A$78, Airports!$D$2:$D$78) -> Dulles | I312: {=_xlfn.XLOOKUP(Flights[[#This Row],[Destination]],_xlfn._TRO_TRAILING( Airports!A:A),_xlfn._TRO_TRAILING( Airports!E:E), "Not found")} -> VA | J312: 0.67430556 | K312: =HOUR(Flights[[#This Row],[Scheduled Departure]]) -> 16 | L312: 0.67638889 | M312: =(L312-J312)*24*60 -> 3 | N312: =Flights[[#This Row],[Length (min)]]/60 -> 4.8 | O312: 288 | P312: 2288 | Q312: =IFERROR(Flights[[#This Row],[Distance]]/Flights[[#This Row],[Length (hr)]], "") -> 476.66667 | R312: 0.99930556 | S312: =IF(Flights[[#This Row],[Length (hr)]]<2, "No meal", IF(Flights[[#This Row],[Length (hr)]]<3.5, "Light meal", "Full meal")) -> Full meal | T312: =IF(AND(Flights[[#This Row],[Airline]]="US Airways", Flights[[#This Row],[Meal]]="Full Meal"), "Yes", "No") -> No | U312: 0.0013888889 | V312: 3 | W312: =IF(Flights[[#This Row],[Arrival Delay]] = "", "Cancelled", IF(Flights[[#This Row],[Arrival Delay]]>15, "Delayed", "On time")) -> On time | X312: =IF(Flights[[#This Row],[Status]]<>"Delayed","", IF(Flights[[#This Row],[Arrival Delay]]>120, "Severe", IF(Flights[[#This Row],[Arrival Delay]]>60, "Major", "Moderate"))) | Y312: FALSE | AA312: =IF(OR(AND(Flights[[#This Row],[Status]]="Cancelled", Flights[[#This Row],[Cancellation Reason]]="Airline/Carrier"), Flights[[#This Row],[Delay Type]]="Severe"), "Yes", "No") -> No
A313: 42030 | B313: =WEEKNUM(Flights[[#This Row],[Date]], 1) -> 5 | C313: =WEEKDAY(Flights[[#This Row],[Date]],1) -> 2 | D313: AA297 | E313: American Airlines | F313: LAX | G313: HNL | H313: =_xlfn.XLOOKUP(Flights[[#This Row],[Destination]], Airports!$A$2:$A$78, Airports!$D$2:$D$78) -> Honolulu | I313: {=_xlfn.XLOOKUP(Flights[[#This Row],[Destination]],_xlfn._TRO_TRAILING( Airports!A:A),_xlfn._TRO_TRAILING( Airports!E:E), "Not found")} -> HI | J313: 0.68402778 | K313: =HOUR(Flights[[#This Row],[Scheduled Departure]]) -> 16 | L313: 0.68402778 | M313: =(L313-J313)*24*60 -> 0 | N313: =Flights[[#This Row],[Length (min)]]/60 -> 5.8166667 | O313: 349 | P313: 2556 | Q313: =IFERROR(Flights[[#This Row],[Distance]]/Flights[[#This Row],[Length (hr)]], "") -> 439.42693 | R313: 0.85694444 | S313: =IF(Flights[[#This Row],[Length (hr)]]<2, "No meal", IF(Flights[[#This Row],[Length (hr)]]<3.5, "Light meal", "Full meal")) -> Full meal | T313: =IF(AND(Flights[[#This Row],[Airline]]="US Airways", Flights[[#This Row],[Meal]]="Full Meal"), "Yes", "No") -> No | U313: 0.84305556 | V313: -20 | W313: =IF(Flights[[#This Row],[Arrival Delay]] = "", "Cancelled", IF(Flights[[#This Row],[Arrival Delay]]>15, "Delayed", "On time")) -> On time | X313: =IF(Flights[[#This Row],[Status]]<>"Delayed","", IF(Flights[[#This Row],[Arrival Delay]]>120, "Severe", IF(Flights[[#This Row],[Arrival Delay]]>60, "Major", "Moderate"))) | Y313: FALSE | AA313: =IF(OR(AND(Flights[[#This Row],[Status]]="Cancelled", Flights[[#This Row],[Cancellation Reason]]="Airline/Carrier"), Flights[[#This Row],[Delay Type]]="Severe"), "Yes", "No") -> No
A314: 42030 | B314: =WEEKNUM(Flights[[#This Row],[Date]], 1) -> 5 | C314: =WEEKDAY(Flights[[#This Row],[Date]],1) -> 2 | D314: NK868 | E314: Spirit | F314: LAX | G314: DFW | H314: =_xlfn.XLOOKUP(Flights[[#This Row],[Destination]], Airports!$A$2:$A$78, Airports!$D$2:$D$78) -> Dallas | I314: {=_xlfn.XLOOKUP(Flights[[#This Row],[Destination]],_xlfn._TRO_TRAILING( Airports!A:A),_xlfn._TRO_TRAILING( Airports!E:E), "Not found")} -> TX | J314: 0.81527778 | K314: =HOUR(Flights[[#This Row],[Scheduled Departure]]) -> 19 | L314: 0.81458333 | M314: =(L314-J314)*24*60 -> -1 | N314: =Flights[[#This Row],[Length (min)]]/60 -> 2.7833333 | O314: 167 | P314: 1235 | Q314: =IFERROR(Flights[[#This Row],[Distance]]/Flights[[#This Row],[Length (hr)]], "") -> 443.71257 | R314: 0.015277778 | S314: =IF(Flights[[#This Row],[Length (hr)]]<2, "No meal", IF(Flights[[#This Row],[Length (hr)]]<3.5, "Light meal", "Full meal")) -> Light meal | T314: =IF(AND(Flights[[#This Row],[Airline]]="US Airways", Flights[[#This Row],[Meal]]="Full Meal"), "Yes", "No") -> No | U314: 0.013888889 | V314: -2 | W314: =IF(Flights[[#This Row],[Arrival Delay]] = "", "Cancelled", IF(Flights[[#This Row],[Arrival Delay]]>15, "Delayed", "On time")) -> On time | X314: =IF(Flights[[#This Row],[Status]]<>"Delayed","", IF(Flights[[#This Row],[Arrival Delay]]>120, "Severe", IF(Flights[[#This Row],[Arrival Delay]]>60, "Major", "Moderate"))) | Y314: FALSE | AA314: =IF(OR(AND(Flights[[#This Row],[Status]]="Cancelled", Flights[[#This Row],[Cancellation Reason]]="Airline/Carrier"), Flights[[#This Row],[Delay Type]]="Severe"), "Yes", "No") -> No
A315: 42030 | B315: =WEEKNUM(Flights[[#This Row],[Date]], 1) -> 5 | C315: =WEEKDAY(Flights[[#This Row],[Date]],1) -> 2 | D315: OO4454 | E315: Skywest | F315: LAX | G315: OAK | H315: =_xlfn.XLOOKUP(Flights[[#This Row],[Destination]], Airports!$A$2:$A$78, Airports!$D$2:$D$78) -> Oakland | I315: {=_xlfn.XLOOKUP(Flights[[#This Row],[Destination]],_xlfn._TRO_TRAILING( Airports!A:A),_xlfn._TRO_TRAILING( Airports!E:E), "Not found")} -> CA | J315: 0.85416667 | K315: =HOUR(Flights[[#This Row],[Scheduled Departure]]) -> 20 | L315: 0.85208333 | M315: =(L315-J315)*24*60 -> -3 | N315: =Flights[[#This Row],[Length (min)]]/60 -> 1.2833333 | O315: 77 | P315: 337 | Q315: =IFERROR(Flights[[#This Row],[Distance]]/Flights[[#This Row],[Length (hr)]], "") -> 262.5974 | R315: 0.9125 | S315: =IF(Flights[[#This Row],[Length (hr)]]<2, "No meal", IF(Flights[[#This Row],[Length (hr)]]<3.5, "Light meal", "Full meal")) -> No meal | T315: =IF(AND(Flights[[#This Row],[Airline]]="US Airways", Flights[[#This Row],[Meal]]="Full Meal"), "Yes", "No") -> No | U315: 0.90555556 | V315: -10 | W315: =IF(Flights[[#This Row],[Arrival Delay]] = "", "Cancelled", IF(Flights[[#This Row],[Arrival Delay]]>15, "Delayed", "On time")) -> On time | X315: =IF(Flights[[#This Row],[Status]]<>"Delayed","", IF(Flights[[#This Row],[Arrival Delay]]>120, "Severe", IF(Flights[[#This Row],[Arrival Delay]]>60, "Major", "Moderate"))) | Y315: FALSE | AA315: =IF(OR(AND(Flights[[#This Row],[Status]]="Cancelled", Flights[[#This Row],[Cancellation Reason]]="Airline/Carrier"), Flights[[#This Row],[Delay Type]]="Severe"), "Yes", "No") -> No
A316: 42030 | B316: =WEEKNUM(Flights[[#This Row],[Date]], 1) -> 5 | C316: =WEEKDAY(Flights[[#This Row],[Date]],1) -> 2 | D316: NK310 | E316: Spirit | F316: LAX | G316: FLL | H316: =_xlfn.XLOOKUP(Flights[[#This Row],[Destination]], Airports!$A$2:$A$78, Airports!$D$2:$D$78) -> Fort Lauderdale | I316: {=_xlfn.XLOOKUP(Flights[[#This Row],[Destination]],_xlfn._TRO_TRAILING( Airports!A:A),_xlfn._TRO_TRAILING( Airports!E:E), "Not found")} -> FL | J316: 0.875 | K316: =HOUR(Flights[[#This Row],[Scheduled Departure]]) -> 21 | L316: 0.87916667 | M316: =(L316-J316)*24*60 -> 6 | N316: =Flights[[#This Row],[Length (min)]]/60 -> 4.65 | O316: 279 | P316: 2342 | Q316: =IFERROR(Flights[[#This Row],[Distance]]/Flights[[#This Row],[Length (hr)]], "") -> 503.65591 | R316: 0.19513889 | S316: =IF(Flights[[#This Row],[Length (hr)]]<2, "No meal", IF(Flights[[#This Row],[Length (hr)]]<3.5, "Light meal", "Full meal")) -> Full meal | T316: =IF(AND(Flights[[#This Row],[Airline]]="US Airways", Flights[[#This Row],[Meal]]="Full Meal"), "Yes", "No") -> No | U316: 0.19791667 | V316: 4 | W316: =IF(Flights[[#This Row],[Arrival Delay]] = "", "Cancelled", IF(Flights[[#This Row],[Arrival Delay]]>15, "Delayed", "On time")) -> On time | X316: =IF(Flights[[#This Row],[Status]]<>"Delayed","", IF(Flights[[#This Row],[Arrival Delay]]>120, "Severe", IF(Flights[[#This Row],[Arrival Delay]]>60, "Major", "Moderate"))) | Y316: FALSE | AA316: =IF(OR(AND(Flights[[#This Row],[Status]]="Cancelled", Flights[[#This Row],[Cancellation Reason]]="Airline/Carrier"), Flights[[#This Row],[Delay Type]]="Severe"), "Yes", "No") -> No
A317: 42030 | B317: =WEEKNUM(Flights[[#This Row],[Date]], 1) -> 5 | C317: =WEEKDAY(Flights[[#This Row],[Date]],1) -> 2 | D317: WN981 | E317: Southwest | F317: LAX | G317: TUS | H317: =_xlfn.XLOOKUP(Flights[[#This Row],[Destination]], Airports!$A$2:$A$78, Airports!$D$2:$D$78) -> Tucson | I317: {=_xlfn.XLOOKUP(Flights[[#This Row],[Destination]],_xlfn._TRO_TRAILING( Airports!A:A),_xlfn._TRO_TRAILING( Airports!E:E), "Not found")} -> AZ | J317: 0.89583333 | K317: =HOUR(Flights[[#This Row],[Scheduled Departure]]) -> 21 | L317: 0.89097222 | M317: =(L317-J317)*24*60 -> -7 | N317: =Flights[[#This Row],[Length (min)]]/60 -> 1.2166667 | O317: 73 | P317: 451 | Q317: =IFERROR(Flights[[#This Row],[Distance]]/Flights[[#This Row],[Length (hr)]], "") -> 370.68493 | R317: 0.98958333 | S317: =IF(Flights[[#This Row],[Length (hr)]]<2, "No meal", IF(Flights[[#This Row],[Length (hr)]]<3.5, "Light meal", "Full meal")) -> No meal | T317: =IF(AND(Flights[[#This Row],[Airline]]="US Airways", Flights[[#This Row],[Meal]]="Full Meal"), "Yes", "No") -> No | U317: 0.98333333 | V317: -9 | W317: =IF(Flights[[#This Row],[Arrival Delay]] = "", "Cancelled", IF(Flights[[#This Row],[Arrival Delay]]>15, "Delayed", "On time")) -> On time | X317: =IF(Flights[[#This Row],[Status]]<>"Delayed","", IF(Flights[[#This Row],[Arrival Delay]]>120, "Severe", IF(Flights[[#This Row],[Arrival Delay]]>60, "Major", "Moderate"))) | Y317: FALSE | AA317: =IF(OR(AND(Flights[[#This Row],[Status]]="Cancelled", Flights[[#This Row],[Cancellation Reason]]="Airline/Carrier"), Flights[[#This Row],[Delay Type]]="Severe"), "Yes", "No") -> No
A318: 42030 | B318: =WEEKNUM(Flights[[#This Row],[Date]], 1) -> 5 | C318: =WEEKDAY(Flights[[#This Row],[Date]],1) -> 2 | D318: DL1354 | E318: Delta | F318: LAX | G318: ATL | H318: =_xlfn.XLOOKUP(Flights[[#This Row],[Destination]], Airports!$A$2:$A$78, Airports!$D$2:$D$78) -> Atlanta | I318: {=_xlfn.XLOOKUP(Flights[[#This Row],[Destination]],_xlfn._TRO_TRAILING( Airports!A:A),_xlfn._TRO_TRAILING( Airports!E:E), "Not found")} -> GA | J318: 0.94791667 | K318: =HOUR(Flights[[#This Row],[Scheduled Departure]]) -> 22 | L318: 0.94652778 | M318: =(L318-J318)*24*60 -> -2 | N318: =Flights[[#This Row],[Length (min)]]/60 -> 4.2166667 | O318: 253 | P318: 1947 | Q318: =IFERROR(Flights[[#This Row],[Distance]]/Flights[[#This Row],[Length (hr)]], "") -> 461.73913 | R318: 0.24444444 | S318: =IF(Flights[[#This Row],[Length (hr)]]<2, "No meal", IF(Flights[[#This Row],[Length (hr)]]<3.5, "Light meal", "Full meal")) -> Full meal | T318: =IF(AND(Flights[[#This Row],[Airline]]="US Airways", Flights[[#This Row],[Meal]]="Full Meal"), "Yes", "No") -> No | U318: 0.24722222 | V318: 4 | W318: =IF(Flights[[#This Row],[Arrival Delay]] = "", "Cancelled", IF(Flights[[#This Row],[Arrival Delay]]>15, "Delayed", "On time")) -> On time | X318: =IF(Flights[[#This Row],[Status]]<>"Delayed","", IF(Flights[[#This Row],[Arrival Delay]]>120, "Severe", IF(Flights[[#This Row],[Arrival Delay]]>60, "Major", "Moderate"))) | Y318: FALSE | AA318: =IF(OR(AND(Flights[[#This Row],[Status]]="Cancelled", Flights[[#This Row],[Cancellation Reason]]="Airline/Carrier"), Flights[[#This Row],[Delay Type]]="Severe"), "Yes", "No") -> No
A319: 42031 | B319: =WEEKNUM(Flights[[#This Row],[Date]], 1) -> 5 | C319: =WEEKDAY(Flights[[#This Row],[Date]],1) -> 3 | D319: WN476 | E319: Southwest | F319: LAX | G319: MDW | H319: =_xlfn.XLOOKUP(Flights[[#This Row],[Destination]], Airports!$A$2:$A$78, Airports!$D$2:$D$78) -> Chicago | I319: {=_xlfn.XLOOKUP(Flights[[#This Row],[Destination]],_xlfn._TRO_TRAILING( Airports!A:A),_xlfn._TRO_TRAILING( Airports!E:E), "Not found")} -> IL | J319: 0.26041667 | K319: =HOUR(Flights[[#This Row],[Scheduled Departure]]) -> 6 | L319: 0.25694444 | M319: =(L319-J319)*24*60 -> -5 | N319: =Flights[[#This Row],[Length (min)]]/60 -> 3.85 | O319: 231 | P319: 1750 | Q319: =IFERROR(Flights[[#This Row],[Distance]]/Flights[[#This Row],[Length (hr)]], "") -> 454.54545 | R319: 0.51388889 | S319: =IF(Flights[[#This Row],[Length (hr)]]<2, "No meal", IF(Flights[[#This Row],[Length (hr)]]<3.5, "Light meal", "Full meal")) -> Full meal | T319: =IF(AND(Flights[[#This Row],[Airline]]="US Airways", Flights[[#This Row],[Meal]]="Full Meal"), "Yes", "No") -> No | U319: 0.50069444 | V319: -19 | W319: =IF(Flights[[#This Row],[Arrival Delay]] = "", "Cancelled", IF(Flights[[#This Row],[Arrival Delay]]>15, "Delayed", "On time")) -> On time | X319: =IF(Flights[[#This Row],[Status]]<>"Delayed","", IF(Flights[[#This Row],[Arrival Delay]]>120, "Severe", IF(Flights[[#This Row],[Arrival Delay]]>60, "Major", "Moderate"))) | Y319: FALSE | AA319: =IF(OR(AND(Flights[[#This Row],[Status]]="Cancelled", Flights[[#This Row],[Cancellation Reason]]="Airline/Carrier"), Flights[[#This Row],[Delay Type]]="Severe"), "Yes", "No") -> No
A320: 42031 | B320: =WEEKNUM(Flights[[#This Row],[Date]], 1) -> 5 | C320: =WEEKDAY(Flights[[#This Row],[Date]],1) -> 3 | D320: AA1067 | E320: American Airlines | F320: LAX | G320: ORD | H320: =_xlfn.XLOOKUP(Flights[[#This Row],[Destination]], Airports!$A$2:$A$78, Airports!$D$2:$D$78) -> Chicago | I320: {=_xlfn.XLOOKUP(Flights[[#This Row],[Destination]],_xlfn._TRO_TRAILING( Airports!A:A),_xlfn._TRO_TRAILING( Airports!E:E), "Not found")} -> IL | J320: 0.30208333 | K320: =HOUR(Flights[[#This Row],[Scheduled Departure]]) -> 7 | L320: 0.29861111 | M320: =(L320-J320)*24*60 -> -5 | N320: =Flights[[#This Row],[Length (min)]]/60 -> 4.0333333 | O320: 242 | P320: 1744 | Q320: =IFERROR(Flights[[#This Row],[Distance]]/Flights[[#This Row],[Length (hr)]], "") -> 432.39669 | R320: 0.55416667 | S320: =IF(Flights[[#This Row],[Length (hr)]]<2, "No meal", IF(Flights[[#This Row],[Length (hr)]]<3.5, "Light meal", "Full meal")) -> Full meal | T320: =IF(AND(Flights[[#This Row],[Airline]]="US Airways", Flights[[#This Row],[Meal]]="Full Meal"), "Yes", "No") -> No | U320: 0.55 | V320: -6 | W320: =IF(Flights[[#This Row],[Arrival Delay]] = "", "Cancelled", IF(Flights[[#This Row],[Arrival Delay]]>15, "Delayed", "On time")) -> On time | X320: =IF(Flights[[#This Row],[Status]]<>"Delayed","", IF(Flights[[#This Row],[Arrival Delay]]>120, "Severe", IF(Flights[[#This Row],[Arrival Delay]]>60, "Major", "Moderate"))) | Y320: FALSE | AA320: =IF(OR(AND(Flights[[#This Row],[Status]]="Cancelled", Flights[[#This Row],[Cancellation Reason]]="Airline/Carrier"), Flights[[#This Row],[Delay Type]]="Severe"), "Yes", "No") -> No
A321: 42031 | B321: =WEEKNUM(Flights[[#This Row],[Date]], 1) -> 5 | C321: =WEEKDAY(Flights[[#This Row],[Date]],1) -> 3 | D321: DL2515 | E321: Delta | F321: LAX | G321: SLC | H321: =_xlfn.XLOOKUP(Flights[[#This Row],[Destination]], Airports!$A$2:$A$78, Airports!$D$2:$D$78) -> Salt Lake City | I321: {=_xlfn.XLOOKUP(Flights[[#This Row],[Destination]],_xlfn._TRO_TRAILING( Airports!A:A),_xlfn._TRO_TRAILING( Airports!E:E), "Not found")} -> UT | J321: 0.30902778 | K321: =HOUR(Flights[[#This Row],[Scheduled Departure]]) -> 7 | L321: 0.30833333 | M321: =(L321-J321)*24*60 -> -1 | N321: =Flights[[#This Row],[Length (min)]]/60 -> 1.75 | O321: 105 | P321: 590 | Q321: =IFERROR(Flights[[#This Row],[Distance]]/Flights[[#This Row],[Length (hr)]], "") -> 337.14286 | R321: 0.43194444 | S321: =IF(Flights[[#This Row],[Length (hr)]]<2, "No meal", IF(Flights[[#This Row],[Length (hr)]]<3.5, "Light meal", "Full meal")) -> No meal | T321: =IF(AND(Flights[[#This Row],[Airline]]="US Airways", Flights[[#This Row],[Meal]]="Full Meal"), "Yes", "No") -> No | U321: 0.42291667 | V321: -13 | W321: =IF(Flights[[#This Row],[Arrival Delay]] = "", "Cancelled", IF(Flights[[#This Row],[Arrival Delay]]>15, "Delayed", "On time")) -> On time | X321: =IF(Flights[[#This Row],[Status]]<>"Delayed","", IF(Flights[[#This Row],[Arrival Delay]]>120, "Severe", IF(Flights[[#This Row],[Arrival Delay]]>60, "Major", "Moderate"))) | Y321: FALSE | AA321: =IF(OR(AND(Flights[[#This Row],[Status]]="Cancelled", Flights[[#This Row],[Cancellation Reason]]="Airline/Carrier"), Flights[[#This Row],[Delay Type]]="Severe"), "Yes", "No") -> No
A322: 42031 | B322: =WEEKNUM(Flights[[#This Row],[Date]], 1) -> 5 | C322: =WEEKDAY(Flights[[#This Row],[Date]],1) -> 3 | D322: WN562 | E322: Southwest | F322: LAX | G322: DAL | H322: =_xlfn.XLOOKUP(Flights[[#This Row],[Destination]], Airports!$A$2:$A$78, Airports!$D$2:$D$78) -> Dallas | I322: {=_xlfn.XLOOKUP(Flights[[#This Row],[Destination]],_xlfn._TRO_TRAILING( Airports!A:A),_xlfn._TRO_TRAILING( Airports!E:E), "Not found")} -> TX | J322: 0.31597222 | K322: =HOUR(Flights[[#This Row],[Scheduled Departure]]) -> 7 | L322: 0.32361111 | M322: =(L322-J322)*24*60 -> 11 | N322: =Flights[[#This Row],[Length (min)]]/60 -> 2.8166667 | O322: 169 | P322: 1246 | Q322: =IFERROR(Flights[[#This Row],[Distance]]/Flights[[#This Row],[Length (hr)]], "") -> 442.36686 | R322: 0.52083333 | S322: =IF(Flights[[#This Row],[Length (hr)]]<2, "No meal", IF(Flights[[#This Row],[Length (hr)]]<3.5, "Light meal", "Full meal")) -> Light meal | T322: =IF(AND(Flights[[#This Row],[Airline]]="US Airways", Flights[[#This Row],[Meal]]="Full Meal"), "Yes", "No") -> No | U322: 0.52430556 | V322: 5 | W322: =IF(Flights[[#This Row],[Arrival Delay]] = "", "Cancelled", IF(Flights[[#This Row],[Arrival Delay]]>15, "Delayed", "On time")) -> On time | X322: =IF(Flights[[#This Row],[Status]]<>"Delayed","", IF(Flights[[#This Row],[Arrival Delay]]>120, "Severe", IF(Flights[[#This Row],[Arrival Delay]]>60, "Major", "Moderate"))) | Y322: FALSE | AA322: =IF(OR(AND(Flights[[#This Row],[Status]]="Cancelled", Flights[[#This Row],[Cancellation Reason]]="Airline/Carrier"), Flights[[#This Row],[Delay Type]]="Severe"), "Yes", "No") -> No
A323: 42031 | B323: =WEEKNUM(Flights[[#This Row],[Date]], 1) -> 5 | C323: =WEEKDAY(Flights[[#This Row],[Date]],1) -> 3 | D323: UA1429 | E323: United | F323: LAX | G323: IAD | H323: =_xlfn.XLOOKUP(Flights[[#This Row],[Destination]], Airports!$A$2:$A$78, Airports!$D$2:$D$78) -> Dulles | I323: {=_xlfn.XLOOKUP(Flights[[#This Row],[Destination]],_xlfn._TRO_TRAILING( Airports!A:A),_xlfn._TRO_TRAILING( Airports!E:E), "Not found")} -> VA | J323: 0.38888889 | K323: =HOUR(Flights[[#This Row],[Scheduled Departure]]) -> 9 | L323: 0.39097222 | M323: =(L323-J323)*24*60 -> 3 | N323: =Flights[[#This Row],[Length (min)]]/60 -> 4.6 | O323: 276 | P323: 2288 | Q323: =IFERROR(Flights[[#This Row],[Distance]]/Flights[[#This Row],[Length (hr)]], "") -> 497.3913 | R323: 0.71388889 | S323: =IF(Flights[[#This Row],[Length (hr)]]<2, "No meal", IF(Flights[[#This Row],[Length (hr)]]<3.5, "Light meal", "Full meal")) -> Full meal | T323: =IF(AND(Flights[[#This Row],[Airline]]="US Airways", Flights[[#This Row],[Meal]]="Full Meal"), "Yes", "No") -> No | U323: 0.70763889 | V323: -9 | W323: =IF(Flights[[#This Row],[Arrival Delay]] = "", "Cancelled", IF(Flights[[#This Row],[Arrival Delay]]>15, "Delayed", "On time")) -> On time | X323: =IF(Flights[[#This Row],[Status]]<>"Delayed","", IF(Flights[[#This Row],[Arrival Delay]]>120, "Severe", IF(Flights[[#This Row],[Arrival Delay]]>60, "Major", "Moderate"))) | Y323: FALSE | AA323: =IF(OR(AND(Flights[[#This Row],[Status]]="Cancelled", Flights[[#This Row],[Cancellation Reason]]="Airline/Carrier"), Flights[[#This Row],[Delay Type]]="Severe"), "Yes", "No") -> No
... A325: 42031 | B325: =WEEKNUM(Flights[[#This Row],[Date]], 1) -> 5 | C325: =WEEKDAY(Flights[[#This Row],[Date]],1) -> 3 | D325: UA1296 | E325: United | F325: LAX | G325: KOA | H325: =_xlfn.XLOOKUP(Flights[[#This Row],[Destination]], Airports!$A$2:$A$78, Airports!$D$2:$D$78) -> Kona | I325: {=_xlfn.XLOOKUP(Flights[[#This Row],[Destination]],_xlfn._TRO_TRAILING( Airports!A:A),_xlfn._TRO_TRAILING( Airports!E:E), "Not found")} -> HI | J325: 0.41875 | K325: =HOUR(Flights[[#This Row],[Scheduled Departure]]) -> 10 | L325: 0.41736111 | M325: =(L325-J325)*24*60 -> -2 | N325: =Flights[[#This Row],[Length (min)]]/60 -> 5.6333333 | O325: 338 | P325: 2504 | Q325: =IFERROR(Flights[[#This Row],[Distance]]/Flights[[#This Row],[Length (hr)]], "") -> 444.49704 | R325: 0.58472222 | S325: =IF(Flights[[#This Row],[Length (hr)]]<2, "No meal", IF(Flights[[#This Row],[Length (hr)]]<3.5, "Light meal", "Full meal")) -> Full meal | T325: =IF(AND(Flights[[#This Row],[Airline]]="US Airways", Flights[[#This Row],[Meal]]="Full Meal"), "Yes", "No") -> No | U325: 0.56875 | V325: -23 | W325: =IF(Flights[[#This Row],[Arrival Delay]] = "", "Cancelled", IF(Flights[[#This Row],[Arrival Delay]]>15, "Delayed", "On time")) -> On time | X325: =IF(Flights[[#This Row],[Status]]<>"Delayed","", IF(Flights[[#This Row],[Arrival Delay]]>120, "Severe", IF(Flights[[#This Row],[Arrival Delay]]>60, "Major", "Moderate"))) | Y325: FALSE | AA325: =IF(OR(AND(Flights[[#This Row],[Status]]="Cancelled", Flights[[#This Row],[Cancellation Reason]]="Airline/Carrier"), Flights[[#This Row],[Delay Type]]="Severe"), "Yes", "No") -> No
A326: 42031 | B326: =WEEKNUM(Flights[[#This Row],[Date]], 1) -> 5 | C326: =WEEKDAY(Flights[[#This Row],[Date]],1) -> 3 | D326: AA172 | E326: American Airlines | F326: LAX | G326: JFK | H326: =_xlfn.XLOOKUP(Flights[[#This Row],[Destination]], Airports!$A$2:$A$78, Airports!$D$2:$D$78) -> New York | I326: {=_xlfn.XLOOKUP(Flights[[#This Row],[Destination]],_xlfn._TRO_TRAILING( Airports!A:A),_xlfn._TRO_TRAILING( Airports!E:E), "Not found")} -> NY | J326: 0.4375 | K326: =HOUR(Flights[[#This Row],[Scheduled Departure]]) -> 10 | L326: 0 | M326: =(L326-J326)*24*60 -> -630 | N326: =Flights[[#This Row],[Length (min)]]/60 -> 0 | P326: 2475 | Q326: =IFERROR(Flights[[#This Row],[Distance]]/Flights[[#This Row],[Length (hr)]], "") | R326: 0.79166667 | S326: =IF(Flights[[#This Row],[Length (hr)]]<2, "No meal", IF(Flights[[#This Row],[Length (hr)]]<3.5, "Light meal", "Full meal")) -> No meal | T326: =IF(AND(Flights[[#This Row],[Airline]]="US Airways", Flights[[#This Row],[Meal]]="Full Meal"), "Yes", "No") -> No | U326: 0 | W326: =IF(Flights[[#This Row],[Arrival Delay]] = "", "Cancelled", IF(Flights[[#This Row],[Arrival Delay]]>15, "Delayed", "On time")) -> Cancelled | X326: =IF(Flights[[#This Row],[Status]]<>"Delayed","", IF(Flights[[#This Row],[Arrival Delay]]>120, "Severe", IF(Flights[[#This Row],[Arrival Delay]]>60, "Major", "Moderate"))) | Y326: TRUE | Z326: Weather | AA326: =IF(OR(AND(Flights[[#This Row],[Status]]="Cancelled", Flights[[#This Row],[Cancellation Reason]]="Airline/Carrier"), Flights[[#This Row],[Delay Type]]="Severe"), "Yes", "No") -> No
A327: 42031 | B327: =WEEKNUM(Flights[[#This Row],[Date]], 1) -> 5 | C327: =WEEKDAY(Flights[[#This Row],[Date]],1) -> 3 | D327: VX406 | E327: Virgin America | F327: LAX | G327: JFK | H327: =_xlfn.XLOOKUP(Flights[[#This Row],[Destination]], Airports!$A$2:$A$78, Airports!$D$2:$D$78) -> New York | I327: {=_xlfn.XLOOKUP(Flights[[#This Row],[Destination]],_xlfn._TRO_TRAILING( Airports!A:A),_xlfn._TRO_TRAILING( Airports!E:E), "Not found")} -> NY | J327: 0.44444444 | K327: =HOUR(Flights[[#This Row],[Scheduled Departure]]) -> 10 | L327: 0 | M327: =(L327-J327)*24*60 -> -640 | N327: =Flights[[#This Row],[Length (min)]]/60 -> 0 | P327: 2475 | Q327: =IFERROR(Flights[[#This Row],[Distance]]/Flights[[#This Row],[Length (hr)]], "") | R327: 0.79513889 | S327: =IF(Flights[[#This Row],[Length (hr)]]<2, "No meal", IF(Flights[[#This Row],[Length (hr)]]<3.5, "Light meal", "Full meal")) -> No meal | T327: =IF(AND(Flights[[#This Row],[Airline]]="US Airways", Flights[[#This Row],[Meal]]="Full Meal"), "Yes", "No") -> No | U327: 0 | W327: =IF(Flights[[#This Row],[Arrival Delay]] = "", "Cancelled", IF(Flights[[#This Row],[Arrival Delay]]>15, "Delayed", "On time")) -> Cancelled | X327: =IF(Flights[[#This Row],[Status]]<>"Delayed","", IF(Flights[[#This Row],[Arrival Delay]]>120, "Severe", IF(Flights[[#This Row],[Arrival Delay]]>60, "Major", "Moderate"))) | Y327: TRUE | Z327: National Air System | AA327: =IF(OR(AND(Flights[[#This Row],[Status]]="Cancelled", Flights[[#This Row],[Cancellation Reason]]="Airline/Carrier"), Flights[[#This Row],[Delay Type]]="Severe"), "Yes", "No") -> No
A328: 42031 | B328: =WEEKNUM(Flights[[#This Row],[Date]], 1) -> 5 | C328: =WEEKDAY(Flights[[#This Row],[Date]],1) -> 3 | D328: UA1266 | E328: United | F328: LAX | G328: SFO | H328: =_xlfn.XLOOKUP(Flights[[#This Row],[Destination]], Airports!$A$2:$A$78, Airports!$D$2:$D$78) -> San Francisco | I328: {=_xlfn.XLOOKUP(Flights[[#This Row],[Destination]],_xlfn._TRO_TRAILING( Airports!A:A),_xlfn._TRO_TRAILING( Airports!E:E), "Not found")} -> CA | J328: 0.54861111 | K328: =HOUR(Flights[[#This Row],[Scheduled Departure]]) -> 13 | L328: 0.57708333 | M328: =(L328-J328)*24*60 -> 41 | N328: =Flights[[#This Row],[Length (min)]]/60 -> 1.2833333 | O328: 77 | P328: 337 | Q328: =IFERROR(Flights[[#This Row],[Distance]]/Flights[[#This Row],[Length (hr)]], "") -> 262.5974 | R328: 0.61180556 | S328: =IF(Flights[[#This Row],[Length (hr)]]<2, "No meal", IF(Flights[[#This Row],[Length (hr)]]<3.5, "Light meal", "Full meal")) -> No meal | T328: =IF(AND(Flights[[#This Row],[Airline]]="US Airways", Flights[[#This Row],[Meal]]="Full Meal"), "Yes", "No") -> No | U328: 0.63055556 | V328: 27 | W328: =IF(Flights[[#This Row],[Arrival Delay]] = "", "Cancelled", IF(Flights[[#This Row],[Arrival Delay]]>15, "Delayed", "On time")) -> Delayed | X328: =IF(Flights[[#This Row],[Status]]<>"Delayed","", IF(Flights[[#This Row],[Arrival Delay]]>120, "Severe", IF(Flights[[#This Row],[Arrival Delay]]>60, "Major", "Moderate"))) -> Moderate | Y328: FALSE | AA328: =IF(OR(AND(Flights[[#This Row],[Status]]="Cancelled", Flights[[#This Row],[Cancellation Reason]]="Airline/Carrier"), Flights[[#This Row],[Delay Type]]="Severe"), "Yes", "No") -> No
A329: 42031 | B329: =WEEKNUM(Flights[[#This Row],[Date]], 1) -> 5 | C329: =WEEKDAY(Flights[[#This Row],[Date]],1) -> 3 | D329: US1926 | E329: US Airways | F329: LAX | G329: PHL | H329: =_xlfn.XLOOKUP(Flights[[#This Row],[Destination]], Airports!$A$2:$A$78, Airports!$D$2:$D$78) -> Philadelphia | I329: {=_xlfn.XLOOKUP(Flights[[#This Row],[Destination]],_xlfn._TRO_TRAILING( Airports!A:A),_xlfn._TRO_TRAILING( Airports!E:E), "Not found")} -> PA | J329: 0.59027778 | K329: =HOUR(Flights[[#This Row],[Scheduled Departure]]) -> 14 | L329: 0 | M329: =(L329-J329)*24*60 -> -850 | N329: =Flights[[#This Row],[Length (min)]]/60 -> 0 | P329: 2402 | Q329: =IFERROR(Flights[[#This Row],[Distance]]/Flights[[#This Row],[Length (hr)]], "") | R329: 0.91944444 | S329: =IF(Flights[[#This Row],[Length (hr)]]<2, "No meal", IF(Flights[[#This Row],[Length (hr)]]<3.5, "Light meal", "Full meal")) -> No meal | T329: =IF(AND(Flights[[#This Row],[Airline]]="US Airways", Flights[[#This Row],[Meal]]="Full Meal"), "Yes", "No") -> No | U329: 0 | W329: =IF(Flights[[#This Row],[Arrival Delay]] = "", "Cancelled", IF(Flights[[#This Row],[Arrival Delay]]>15, "Delayed", "On time")) -> Cancelled | X329: =IF(Flights[[#This Row],[Status]]<>"Delayed","", IF(Flights[[#This Row],[Arrival Delay]]>120, "Severe", IF(Flights[[#This Row],[Arrival Delay]]>60, "Major", "Moderate"))) | Y329: TRUE | Z329: Weather | AA329: =IF(OR(AND(Flights[[#This Row],[Status]]="Cancelled", Flights[[#This Row],[Cancellation Reason]]="Airline/Carrier"), Flights[[#This Row],[Delay Type]]="Severe"), "Yes", "No") -> No
A330: 42031 | B330: =WEEKNUM(Flights[[#This Row],[Date]], 1) -> 5 | C330: =WEEKDAY(Flights[[#This Row],[Date]],1) -> 3 | D330: AA2433 | E330: American Airlines | F330: LAX | G330: DFW | H330: =_xlfn.XLOOKUP(Flights[[#This Row],[Destination]], Airports!$A$2:$A$78, Airports!$D$2:$D$78) -> Dallas | I330: {=_xlfn.XLOOKUP(Flights[[#This Row],[Destination]],_xlfn._TRO_TRAILING( Airports!A:A),_xlfn._TRO_TRAILING( Airports!E:E), "Not found")} -> TX | J330: 0.62152778 | K330: =HOUR(Flights[[#This Row],[Scheduled Departure]]) -> 14 | L330: 0.62083333 | M330: =(L330-J330)*24*60 -> -1 | N330: =Flights[[#This Row],[Length (min)]]/60 -> 2.7 | O330: 162 | P330: 1235 | Q330: =IFERROR(Flights[[#This Row],[Distance]]/Flights[[#This Row],[Length (hr)]], "") -> 457.40741 | R330: 0.82986111 | S330: =IF(Flights[[#This Row],[Length (hr)]]<2, "No meal", IF(Flights[[#This Row],[Length (hr)]]<3.5, "Light meal", "Full meal")) -> Light meal | T330: =IF(AND(Flights[[#This Row],[Airline]]="US Airways", Flights[[#This Row],[Meal]]="Full Meal"), "Yes", "No") -> No | U330: 0.81666667 | V330: -19 | W330: =IF(Flights[[#This Row],[Arrival Delay]] = "", "Cancelled", IF(Flights[[#This Row],[Arrival Delay]]>15, "Delayed", "On time")) -> On time | X330: =IF(Flights[[#This Row],[Status]]<>"Delayed","", IF(Flights[[#This Row],[Arrival Delay]]>120, "Severe", IF(Flights[[#This Row],[Arrival Delay]]>60, "Major", "Moderate"))) | Y330: FALSE | AA330: =IF(OR(AND(Flights[[#This Row],[Status]]="Cancelled", Flights[[#This Row],[Cancellation Reason]]="Airline/Carrier"), Flights[[#This Row],[Delay Type]]="Severe"), "Yes", "No") -> No
A331: 42031 | B331: =WEEKNUM(Flights[[#This Row],[Date]], 1) -> 5 | C331: =WEEKDAY(Flights[[#This Row],[Date]],1) -> 3 | D331: OO5355 | E331: Skywest | F331: LAX | G331: SBA | H331: =_xlfn.XLOOKUP(Flights[[#This Row],[Destination]], Airports!$A$2:$A$78, Airports!$D$2:$D$78) -> Santa Barbara | I331: {=_xlfn.XLOOKUP(Flights[[#This Row],[Destination]],_xlfn._TRO_TRAILING( Airports!A:A),_xlfn._TRO_TRAILING( Airports!E:E), "Not found")} -> CA | J331: 0.64861111 | K331: =HOUR(Flights[[#This Row],[Scheduled Departure]]) -> 15 | L331: 0.64652778 | M331: =(L331-J331)*24*60 -> -3 | N331: =Flights[[#This Row],[Length (min)]]/60 -> 0.76666667 | O331: 46 | P331: 89 | Q331: =IFERROR(Flights[[#This Row],[Distance]]/Flights[[#This Row],[Length (hr)]], "") -> 116.08696 | R331: 0.68125 | S331: =IF(Flights[[#This Row],[Length (hr)]]<2, "No meal", IF(Flights[[#This Row],[Length (hr)]]<3.5, "Light meal", "Full meal")) -> No meal | T331: =IF(AND(Flights[[#This Row],[Airline]]="US Airways", Flights[[#This Row],[Meal]]="Full Meal"), "Yes", "No") -> No | U331: 0.67847222 | V331: -4 | W331: =IF(Flights[[#This Row],[Arrival Delay]] = "", "Cancelled", IF(Flights[[#This Row],[Arrival Delay]]>15, "Delayed", "On time")) -> On time | X331: =IF(Flights[[#This Row],[Status]]<>"Delayed","", IF(Flights[[#This Row],[Arrival Delay]]>120, "Severe", IF(Flights[[#This Row],[Arrival Delay]]>60, "Major", "Moderate"))) | Y331: FALSE | AA331: =IF(OR(AND(Flights[[#This Row],[Status]]="Cancelled", Flights[[#This Row],[Cancellation Reason]]="Airline/Carrier"), Flights[[#This Row],[Delay Type]]="Severe"), "Yes", "No") -> No
A332: 42031 | B332: =WEEKNUM(Flights[[#This Row],[Date]], 1) -> 5 | C332: =WEEKDAY(Flights[[#This Row],[Date]],1) -> 3 | D332: WN2873 | E332: Southwest | F332: LAX | G332: OAK | H332: =_xlfn.XLOOKUP(Flights[[#This Row],[Destination]], Airports!$A$2:$A$78, Airports!$D$2:$D$78) -> Oakland | I332: {=_xlfn.XLOOKUP(Flights[[#This Row],[Destination]],_xlfn._TRO_TRAILING( Airports!A:A),_xlfn._TRO_TRAILING( Airports!E:E), "Not found")} -> CA | J332: 0.69444444 | K332: =HOUR(Flights[[#This Row],[Scheduled Departure]]) -> 16 | L332: 0.69305556 | M332: =(L332-J332)*24*60 -> -2 | N332: =Flights[[#This Row],[Length (min)]]/60 -> 1.2333333 | O332: 74 | P332: 337 | Q332: =IFERROR(Flights[[#This Row],[Distance]]/Flights[[#This Row],[Length (hr)]], "") -> 273.24324 | R332: 0.74652778 | S332: =IF(Flights[[#This Row],[Length (hr)]]<2, "No meal", IF(Flights[[#This Row],[Length (hr)]]<3.5, "Light meal", "Full meal")) -> No meal | T332: =IF(AND(Flights[[#This Row],[Airline]]="US Airways", Flights[[#This Row],[Meal]]="Full Meal"), "Yes", "No") -> No | U332: 0.74444444 | V332: -3 | W332: =IF(Flights[[#This Row],[Arrival Delay]] = "", "Cancelled", IF(Flights[[#This Row],[Arrival Delay]]>15, "Delayed", "On time")) -> On time | X332: =IF(Flights[[#This Row],[Status]]<>"Delayed","", IF(Flights[[#This Row],[Arrival Delay]]>120, "Severe", IF(Flights[[#This Row],[Arrival Delay]]>60, "Major", "Moderate"))) | Y332: FALSE | AA332: =IF(OR(AND(Flights[[#This Row],[Status]]="Cancelled", Flights[[#This Row],[Cancellation Reason]]="Airline/Carrier"), Flights[[#This Row],[Delay Type]]="Severe"), "Yes", "No") -> No
A333: 42031 | B333: =WEEKNUM(Flights[[#This Row],[Date]], 1) -> 5 | C333: =WEEKDAY(Flights[[#This Row],[Date]],1) -> 3 | D333: AA180 | E333: American Airlines | F333: LAX | G333: JFK | H333: =_xlfn.XLOOKUP(Flights[[#This Row],[Destination]], Airports!$A$2:$A$78, Airports!$D$2:$D$78) -> New York | I333: {=_xlfn.XLOOKUP(Flights[[#This Row],[Destination]],_xlfn._TRO_TRAILING( Airports!A:A),_xlfn._TRO_TRAILING( Airports!E:E), "Not found")} -> NY | J333: 0.70138889 | K333: =HOUR(Flights[[#This Row],[Scheduled Departure]]) -> 16 | L333: 0 | M333: =(L333-J333)*24*60 -> -1010 | N333: =Flights[[#This Row],[Length (min)]]/60 -> 0 | P333: 2475 | Q333: =IFERROR(Flights[[#This Row],[Distance]]/Flights[[#This Row],[Length (hr)]], "") | R333: 0.047222222 | S333: =IF(Flights[[#This Row],[Length (hr)]]<2, "No meal", IF(Flights[[#This Row],[Length (hr)]]<3.5, "Light meal", "Full meal")) -> No meal | T333: =IF(AND(Flights[[#This Row],[Airline]]="US Airways", Flights[[#This Row],[Meal]]="Full Meal"), "Yes", "No") -> No | U333: 0 | W333: =IF(Flights[[#This Row],[Arrival Delay]] = "", "Cancelled", IF(Flights[[#This Row],[Arrival Delay]]>15, "Delayed", "On time")) -> Cancelled | X333: =IF(Flights[[#This Row],[Status]]<>"Delayed","", IF(Flights[[#This Row],[Arrival Delay]]>120, "Severe", IF(Flights[[#This Row],[Arrival Delay]]>60, "Major", "Moderate"))) | Y333: TRUE | Z333: Weather | AA333: =IF(OR(AND(Flights[[#This Row],[Status]]="Cancelled", Flights[[#This Row],[Cancellation Reason]]="Airline/Carrier"), Flights[[#This Row],[Delay Type]]="Severe"), "Yes", "No") -> No
A334: 42031 | B334: =WEEKNUM(Flights[[#This Row],[Date]], 1) -> 5 | C334: =WEEKDAY(Flights[[#This Row],[Date]],1) -> 3 | D334: VX795 | E334: Virgin America | F334: LAX | G334: SEA | H334: =_xlfn.XLOOKUP(Flights[[#This Row],[Destination]], Airports!$A$2:$A$78, Airports!$D$2:$D$78) -> Seattle | I334: {=_xlfn.XLOOKUP(Flights[[#This Row],[Destination]],_xlfn._TRO_TRAILING( Airports!A:A),_xlfn._TRO_TRAILING( Airports!E:E), "Not found")} -> WA | J334: 0.73263889 | K334: =HOUR(Flights[[#This Row],[Scheduled Departure]]) -> 17 | L334: 0.72777778 | M334: =(L334-J334)*24*60 -> -7 | N334: =Flights[[#This Row],[Length (min)]]/60 -> 2.2833333 | O334: 137 | P334: 954 | Q334: =IFERROR(Flights[[#This Row],[Distance]]/Flights[[#This Row],[Length (hr)]], "") -> 417.81022 | R334: 0.84375 | S334: =IF(Flights[[#This Row],[Length (hr)]]<2, "No meal", IF(Flights[[#This Row],[Length (hr)]]<3.5, "Light meal", "Full meal")) -> Light meal | T334: =IF(AND(Flights[[#This Row],[Airline]]="US Airways", Flights[[#This Row],[Meal]]="Full Meal"), "Yes", "No") -> No | U334: 0.82291667 | V334: -30 | W334: =IF(Flights[[#This Row],[Arrival Delay]] = "", "Cancelled", IF(Flights[[#This Row],[Arrival Delay]]>15, "Delayed", "On time")) -> On time | X334: =IF(Flights[[#This Row],[Status]]<>"Delayed","", IF(Flights[[#This Row],[Arrival Delay]]>120, "Severe", IF(Flights[[#This Row],[Arrival Delay]]>60, "Major", "Moderate"))) | Y334: FALSE | AA334: =IF(OR(AND(Flights[[#This Row],[Status]]="Cancelled", Flights[[#This Row],[Cancellation Reason]]="Airline/Carrier"), Flights[[#This Row],[Delay Type]]="Severe"), "Yes", "No") -> No
A335: 42031 | B335: =WEEKNUM(Flights[[#This Row],[Date]], 1) -> 5 | C335: =WEEKDAY(Flights[[#This Row],[Date]],1) -> 3 | D335: OO2617 | E335: Skywest | F335: LAX | G335: FAT | H335: =_xlfn.XLOOKUP(Flights[[#This Row],[Destination]], Airports!$A$2:$A$78, Airports!$D$2:$D$78) -> Fresno | I335: {=_xlfn.XLOOKUP(Flights[[#This Row],[Destination]],_xlfn._TRO_TRAILING( Airports!A:A),_xlfn._TRO_TRAILING( Airports!E:E), "Not found")} -> CA | J335: 0.74027778 | K335: =HOUR(Flights[[#This Row],[Scheduled Departure]]) -> 17 | L335: 0.73819444 | M335: =(L335-J335)*24*60 -> -3 | N335: =Flights[[#This Row],[Length (min)]]/60 -> 0.93333333 | O335: 56 | P335: 209 | Q335: =IFERROR(Flights[[#This Row],[Distance]]/Flights[[#This Row],[Length (hr)]], "") -> 223.92857 | R335: 0.78263889 | S335: =IF(Flights[[#This Row],[Length (hr)]]<2, "No meal", IF(Flights[[#This Row],[Length (hr)]]<3.5, "Light meal", "Full meal")) -> No meal | T335: =IF(AND(Flights[[#This Row],[Airline]]="US Airways", Flights[[#This Row],[Meal]]="Full Meal"), "Yes", "No") -> No | U335: 0.77708333 | V335: -8 | W335: =IF(Flights[[#This Row],[Arrival Delay]] = "", "Cancelled", IF(Flights[[#This Row],[Arrival Delay]]>15, "Delayed", "On time")) -> On time | X335: =IF(Flights[[#This Row],[Status]]<>"Delayed","", IF(Flights[[#This Row],[Arrival Delay]]>120, "Severe", IF(Flights[[#This Row],[Arrival Delay]]>60, "Major", "Moderate"))) | Y335: FALSE | AA335: =IF(OR(AND(Flights[[#This Row],[Status]]="Cancelled", Flights[[#This Row],[Cancellation Reason]]="Airline/Carrier"), Flights[[#This Row],[Delay Type]]="Severe"), "Yes", "No") -> No
A336: 42031 | B336: =WEEKNUM(Flights[[#This Row],[Date]], 1) -> 5 | C336: =WEEKDAY(Flights[[#This Row],[Date]],1) -> 3 | D336: AA2463 | E336: American Airlines | F336: LAX | G336: DFW | H336: =_xlfn.XLOOKUP(Flights[[#This Row],[Destination]], Airports!$A$2:$A$78, Airports!$D$2:$D$78) -> Dallas | I336: {=_xlfn.XLOOKUP(Flights[[#This Row],[Destination]],_xlfn._TRO_TRAILING( Airports!A:A),_xlfn._TRO_TRAILING( Airports!E:E), "Not found")} -> TX | J336: 0.78819444 | K336: =HOUR(Flights[[#This Row],[Scheduled Departure]]) -> 18 | L336: 0.78402778 | M336: =(L336-J336)*24*60 -> -6 | N336: =Flights[[#This Row],[Length (min)]]/60 -> 2.7333333 | O336: 164 | P336: 1235 | Q336: =IFERROR(Flights[[#This Row],[Distance]]/Flights[[#This Row],[Length (hr)]], "") -> 451.82927 | R336: 0.98958333 | S336: =IF(Flights[[#This Row],[Length (hr)]]<2, "No meal", IF(Flights[[#This Row],[Length (hr)]]<3.5, "Light meal", "Full meal")) -> Light meal | T336: =IF(AND(Flights[[#This Row],[Airline]]="US Airways", Flights[[#This Row],[Meal]]="Full Meal"), "Yes", "No") -> No | U336: 0.98125 | V336: -12 | W336: =IF(Flights[[#This Row],[Arrival Delay]] = "", "Cancelled", IF(Flights[[#This Row],[Arrival Delay]]>15, "Delayed", "On time")) -> On time | X336: =IF(Flights[[#This Row],[Status]]<>"Delayed","", IF(Flights[[#This Row],[Arrival Delay]]>120, "Severe", IF(Flights[[#This Row],[Arrival Delay]]>60, "Major", "Moderate"))) | Y336: FALSE | AA336: =IF(OR(AND(Flights[[#This Row],[Status]]="Cancelled", Flights[[#This Row],[Cancellation Reason]]="Airline/Carrier"), Flights[[#This Row],[Delay Type]]="Severe"), "Yes", "No") -> No
A337: 42031 | B337: =WEEKNUM(Flights[[#This Row],[Date]], 1) -> 5 | C337: =WEEKDAY(Flights[[#This Row],[Date]],1) -> 3 | D337: OO2590 | E337: Skywest | F337: LAX | G337: SAN | H337: =_xlfn.XLOOKUP(Flights[[#This Row],[Destination]], Airports!$A$2:$A$78, Airports!$D$2:$D$78) -> San Diego | I337: {=_xlfn.XLOOKUP(Flights[[#This Row],[Destination]],_xlfn._TRO_TRAILING( Airports!A:A),_xlfn._TRO_TRAILING( Airports!E:E), "Not found")} -> CA | J337: 0.79166667 | K337: =HOUR(Flights[[#This Row],[Scheduled Departure]]) -> 19 | L337: 0.81319444 | M337: =(L337-J337)*24*60 -> 31 | N337: =Flights[[#This Row],[Length (min)]]/60 -> 0.81666667 | O337: 49 | P337: 109 | Q337: =IFERROR(Flights[[#This Row],[Distance]]/Flights[[#This Row],[Length (hr)]], "") -> 133.46939 | R337: 0.82361111 | S337: =IF(Flights[[#This Row],[Length (hr)]]<2, "No meal", IF(Flights[[#This Row],[Length (hr)]]<3.5, "Light meal", "Full meal")) -> No meal | T337: =IF(AND(Flights[[#This Row],[Airline]]="US Airways", Flights[[#This Row],[Meal]]="Full Meal"), "Yes", "No") -> No | U337: 0.84722222 | V337: 34 | W337: =IF(Flights[[#This Row],[Arrival Delay]] = "", "Cancelled", IF(Flights[[#This Row],[Arrival Delay]]>15, "Delayed", "On time")) -> Delayed | X337: =IF(Flights[[#This Row],[Status]]<>"Delayed","", IF(Flights[[#This Row],[Arrival Delay]]>120, "Severe", IF(Flights[[#This Row],[Arrival Delay]]>60, "Major", "Moderate"))) -> Moderate | Y337: FALSE | AA337: =IF(OR(AND(Flights[[#This Row],[Status]]="Cancelled", Flights[[#This Row],[Cancellation Reason]]="Airline/Carrier"), Flights[[#This Row],[Delay Type]]="Severe"), "Yes", "No") -> No
A338: 42031 | B338: =WEEKNUM(Flights[[#This Row],[Date]], 1) -> 5 | C338: =WEEKDAY(Flights[[#This Row],[Date]],1) -> 3 | D338: WN946 | E338: Southwest | F338: LAX | G338: SJC | H338: =_xlfn.XLOOKUP(Flights[[#This Row],[Destination]], Airports!$A$2:$A$78, Airports!$D$2:$D$78) -> San Jose | I338: {=_xlfn.XLOOKUP(Flights[[#This Row],[Destination]],_xlfn._TRO_TRAILING( Airports!A:A),_xlfn._TRO_TRAILING( Airports!E:E), "Not found")} -> CA | J338: 0.79513889 | K338: =HOUR(Flights[[#This Row],[Scheduled Departure]]) -> 19 | L338: 0.79236111 | M338: =(L338-J338)*24*60 -> -4 | N338: =Flights[[#This Row],[Length (min)]]/60 -> 0.96666667 | O338: 58 | P338: 308 | Q338: =IFERROR(Flights[[#This Row],[Distance]]/Flights[[#This Row],[Length (hr)]], "") -> 318.62069 | R338: 0.84027778 | S338: =IF(Flights[[#This Row],[Length (hr)]]<2, "No meal", IF(Flights[[#This Row],[Length (hr)]]<3.5, "Light meal", "Full meal")) -> No meal | T338: =IF(AND(Flights[[#This Row],[Airline]]="US Airways", Flights[[#This Row],[Meal]]="Full Meal"), "Yes", "No") -> No | U338: 0.83263889 | V338: -11 | W338: =IF(Flights[[#This Row],[Arrival Delay]] = "", "Cancelled", IF(Flights[[#This Row],[Arrival Delay]]>15, "Delayed", "On time")) -> On time | X338: =IF(Flights[[#This Row],[Status]]<>"Delayed","", IF(Flights[[#This Row],[Arrival Delay]]>120, "Severe", IF(Flights[[#This Row],[Arrival Delay]]>60, "Major", "Moderate"))) | Y338: FALSE | AA338: =IF(OR(AND(Flights[[#This Row],[Status]]="Cancelled", Flights[[#This Row],[Cancellation Reason]]="Airline/Carrier"), Flights[[#This Row],[Delay Type]]="Severe"), "Yes", "No") -> No
A339: 42031 | B339: =WEEKNUM(Flights[[#This Row],[Date]], 1) -> 5 | C339: =WEEKDAY(Flights[[#This Row],[Date]],1) -> 3 | D339: WN880 | E339: Southwest | F339: LAX | G339: SLC | H339: =_xlfn.XLOOKUP(Flights[[#This Row],[Destination]], Airports!$A$2:$A$78, Airports!$D$2:$D$78) -> Salt Lake City | I339: {=_xlfn.XLOOKUP(Flights[[#This Row],[Destination]],_xlfn._TRO_TRAILING( Airports!A:A),_xlfn._TRO_TRAILING( Airports!E:E), "Not found")} -> UT | J339: 0.83680556 | K339: =HOUR(Flights[[#This Row],[Scheduled Departure]]) -> 20 | L339: 0.83402778 | M339: =(L339-J339)*24*60 -> -4 | N339: =Flights[[#This Row],[Length (min)]]/60 -> 1.4 | O339: 84 | P339: 590 | Q339: =IFERROR(Flights[[#This Row],[Distance]]/Flights[[#This Row],[Length (hr)]], "") -> 421.42857 | R339: 0.95138889 | S339: =IF(Flights[[#This Row],[Length (hr)]]<2, "No meal", IF(Flights[[#This Row],[Length (hr)]]<3.5, "Light meal", "Full meal")) -> No meal | T339: =IF(AND(Flights[[#This Row],[Airline]]="US Airways", Flights[[#This Row],[Meal]]="Full Meal"), "Yes", "No") -> No | U339: 0.93402778 | V339: -25 | W339: =IF(Flights[[#This Row],[Arrival Delay]] = "", "Cancelled", IF(Flights[[#This Row],[Arrival Delay]]>15, "Delayed", "On time")) -> On time | X339: =IF(Flights[[#This Row],[Status]]<>"Delayed","", IF(Flights[[#This Row],[Arrival Delay]]>120, "Severe", IF(Flights[[#This Row],[Arrival Delay]]>60, "Major", "Moderate"))) | Y339: FALSE | AA339: =IF(OR(AND(Flights[[#This Row],[Status]]="Cancelled", Flights[[#This Row],[Cancellation Reason]]="Airline/Carrier"), Flights[[#This Row],[Delay Type]]="Severe"), "Yes", "No") -> No
A340: 42032 | B340: =WEEKNUM(Flights[[#This Row],[Date]], 1) -> 5 | C340: =WEEKDAY(Flights[[#This Row],[Date]],1) -> 4 | D340: UA212 | E340: United | F340: LAX | G340: JFK | H340: =_xlfn.XLOOKUP(Flights[[#This Row],[Destination]], Airports!$A$2:$A$78, Airports!$D$2:$D$78) -> New York | I340: {=_xlfn.XLOOKUP(Flights[[#This Row],[Destination]],_xlfn._TRO_TRAILING( Airports!A:A),_xlfn._TRO_TRAILING( Airports!E:E), "Not found")} -> NY | J340: 0.25347222 | K340: =HOUR(Flights[[#This Row],[Scheduled Departure]]) -> 6 | L340: 0.24791667 | M340: =(L340-J340)*24*60 -> -8 | N340: =Flights[[#This Row],[Length (min)]]/60 -> 5.2166667 | O340: 313 | P340: 2475 | Q340: =IFERROR(Flights[[#This Row],[Distance]]/Flights[[#This Row],[Length (hr)]], "") -> 474.44089 | R340: 0.60347222 | S340: =IF(Flights[[#This Row],[Length (hr)]]<2, "No meal", IF(Flights[[#This Row],[Length (hr)]]<3.5, "Light meal", "Full meal")) -> Full meal | T340: =IF(AND(Flights[[#This Row],[Airline]]="US Airways", Flights[[#This Row],[Meal]]="Full Meal"), "Yes", "No") -> No | U340: 0.59027778 | V340: -19 | W340: =IF(Flights[[#This Row],[Arrival Delay]] = "", "Cancelled", IF(Flights[[#This Row],[Arrival Delay]]>15, "Delayed", "On time")) -> On time | X340: =IF(Flights[[#This Row],[Status]]<>"Delayed","", IF(Flights[[#This Row],[Arrival Delay]]>120, "Severe", IF(Flights[[#This Row],[Arrival Delay]]>60, "Major", "Moderate"))) | Y340: FALSE | AA340: =IF(OR(AND(Flights[[#This Row],[Status]]="Cancelled", Flights[[#This Row],[Cancellation Reason]]="Airline/Carrier"), Flights[[#This Row],[Delay Type]]="Severe"), "Yes", "No") -> No
A341: 42032 | B341: =WEEKNUM(Flights[[#This Row],[Date]], 1) -> 5 | C341: =WEEKDAY(Flights[[#This Row],[Date]],1) -> 4 | D341: AA253 | E341: American Airlines | F341: LAX | G341: OGG | H341: =_xlfn.XLOOKUP(Flights[[#This Row],[Destination]], Airports!$A$2:$A$78, Airports!$D$2:$D$78) -> Kahului | I341: {=_xlfn.XLOOKUP(Flights[[#This Row],[Destination]],_xlfn._TRO_TRAILING( Airports!A:A),_xlfn._TRO_TRAILING( Airports!E:E), "Not found")} -> HI | J341: 0.375 | K341: =HOUR(Flights[[#This Row],[Scheduled Departure]]) -> 9 | L341: 0.37013889 | M341: =(L341-J341)*24*60 -> -7 | N341: =Flights[[#This Row],[Length (min)]]/60 -> 5.9333333 | O341: 356 | P341: 2486 | Q341: =IFERROR(Flights[[#This Row],[Distance]]/Flights[[#This Row],[Length (hr)]], "") -> 418.98876 | R341: 0.53888889 | S341: =IF(Flights[[#This Row],[Length (hr)]]<2, "No meal", IF(Flights[[#This Row],[Length (hr)]]<3.5, "Light meal", "Full meal")) -> Full meal | T341: =IF(AND(Flights[[#This Row],[Airline]]="US Airways", Flights[[#This Row],[Meal]]="Full Meal"), "Yes", "No") -> No | U341: 0.53402778 | V341: -7 | W341: =IF(Flights[[#This Row],[Arrival Delay]] = "", "Cancelled", IF(Flights[[#This Row],[Arrival Delay]]>15, "Delayed", "On time")) -> On time | X341: =IF(Flights[[#This Row],[Status]]<>"Delayed","", IF(Flights[[#This Row],[Arrival Delay]]>120, "Severe", IF(Flights[[#This Row],[Arrival Delay]]>60, "Major", "Moderate"))) | Y341: FALSE | AA341: =IF(OR(AND(Flights[[#This Row],[Status]]="Cancelled", Flights[[#This Row],[Cancellation Reason]]="Airline/Carrier"), Flights[[#This Row],[Delay Type]]="Severe"), "Yes", "No") -> No
A342: 42032 | B342: =WEEKNUM(Flights[[#This Row],[Date]], 1) -> 5 | C342: =WEEKDAY(Flights[[#This Row],[Date]],1) -> 4 | D342: WN328 | E342: Southwest | F342: LAX | G342: MDW | H342: =_xlfn.XLOOKUP(Flights[[#This Row],[Destination]], Airports!$A$2:$A$78, Airports!$D$2:$D$78) -> Chicago | I342: {=_xlfn.XLOOKUP(Flights[[#This Row],[Destination]],_xlfn._TRO_TRAILING( Airports!A:A),_xlfn._TRO_TRAILING( Airports!E:E), "Not found")} -> IL | J342: 0.40277778 | K342: =HOUR(Flights[[#This Row],[Scheduled Departure]]) -> 9 | L342: 0.40069444 | M342: =(L342-J342)*24*60 -> -3 | N342: =Flights[[#This Row],[Length (min)]]/60 -> 3.6833333 | O342: 221 | P342: 1750 | Q342: =IFERROR(Flights[[#This Row],[Distance]]/Flights[[#This Row],[Length (hr)]], "") -> 475.11312 | R342: 0.64583333 | S342: =IF(Flights[[#This Row],[Length (hr)]]<2, "No meal", IF(Flights[[#This Row],[Length (hr)]]<3.5, "Light meal", "Full meal")) -> Full meal | T342: =IF(AND(Flights[[#This Row],[Airline]]="US Airways", Flights[[#This Row],[Meal]]="Full Meal"), "Yes", "No") -> No | U342: 0.6375 | V342: -12 | W342: =IF(Flights[[#This Row],[Arrival Delay]] = "", "Cancelled", IF(Flights[[#This Row],[Arrival Delay]]>15, "Delayed", "On time")) -> On time | X342: =IF(Flights[[#This Row],[Status]]<>"Delayed","", IF(Flights[[#This Row],[Arrival Delay]]>120, "Severe", IF(Flights[[#This Row],[Arrival Delay]]>60, "Major", "Moderate"))) | Y342: FALSE | AA342: =IF(OR(AND(Flights[[#This Row],[Status]]="Cancelled", Flights[[#This Row],[Cancellation Reason]]="Airline/Carrier"), Flights[[#This Row],[Delay Type]]="Severe"), "Yes", "No") -> No
A343: 42032 | B343: =WEEKNUM(Flights[[#This Row],[Date]], 1) -> 5 | C343: =WEEKDAY(Flights[[#This Row],[Date]],1) -> 4 | D343: OO6300 | E343: Skywest | F343: LAX | G343: PSP | H343: =_xlfn.XLOOKUP(Flights[[#This Row],[Destination]], Airports!$A$2:$A$78, Airports!$D$2:$D$78) -> Palm Springs | I343: {=_xlfn.XLOOKUP(Flights[[#This Row],[Destination]],_xlfn._TRO_TRAILING( Airports!A:A),_xlfn._TRO_TRAILING( Airports!E:E), "Not found")} -> CA | J343: 0.41666667 | K343: =HOUR(Flights[[#This Row],[Scheduled Departure]]) -> 10 | L343: 0.4125 | M343: =(L343-J343)*24*60 -> -6 | N343: =Flights[[#This Row],[Length (min)]]/60 -> 0.98333333 | O343: 59 | P343: 110 | Q343: =IFERROR(Flights[[#This Row],[Distance]]/Flights[[#This Row],[Length (hr)]], "") -> 111.86441 | R343: 0.45763889 | S343: =IF(Flights[[#This Row],[Length (hr)]]<2, "No meal", IF(Flights[[#This Row],[Length (hr)]]<3.5, "Light meal", "Full meal")) -> No meal | T343: =IF(AND(Flights[[#This Row],[Airline]]="US Airways", Flights[[#This Row],[Meal]]="Full Meal"), "Yes", "No") -> No | U343: 0.45347222 | V343: -6 | W343: =IF(Flights[[#This Row],[Arrival Delay]] = "", "Cancelled", IF(Flights[[#This Row],[Arrival Delay]]>15, "Delayed", "On time")) -> On time | X343: =IF(Flights[[#This Row],[Status]]<>"Delayed","", IF(Flights[[#This Row],[Arrival Delay]]>120, "Severe", IF(Flights[[#This Row],[Arrival Delay]]>60, "Major", "Moderate"))) | Y343: FALSE | AA343: =IF(OR(AND(Flights[[#This Row],[Status]]="Cancelled", Flights[[#This Row],[Cancellation Reason]]="Airline/Carrier"), Flights[[#This Row],[Delay Type]]="Severe"), "Yes", "No") -> No
A344: 42032 | B344: =WEEKNUM(Flights[[#This Row],[Date]], 1) -> 5 | C344: =WEEKDAY(Flights[[#This Row],[Date]],1) -> 4 | D344: F9404 | E344: Frontier | F344: LAX | G344: DEN | H344: =_xlfn.XLOOKUP(Flights[[#This Row],[Destination]], Airports!$A$2:$A$78, Airports!$D$2:$D$78) -> Denver | I344: {=_xlfn.XLOOKUP(Flights[[#This Row],[Destination]],_xlfn._TRO_TRAILING( Airports!A:A),_xlfn._TRO_TRAILING( Airports!E:E), "Not found")} -> CO | J344: 0.42986111 | K344: =HOUR(Flights[[#This Row],[Scheduled Departure]]) -> 10 | L344: 0.42916667 | M344: =(L344-J344)*24*60 -> -1 | N344: =Flights[[#This Row],[Length (min)]]/60 -> 2.0333333 | O344: 122 | P344: 862 | Q344: =IFERROR(Flights[[#This Row],[Distance]]/Flights[[#This Row],[Length (hr)]], "") -> 423.93443 | R344: 0.56597222 | S344: =IF(Flights[[#This Row],[Length (hr)]]<2, "No meal", IF(Flights[[#This Row],[Length (hr)]]<3.5, "Light meal", "Full meal")) -> Light meal | T344: =IF(AND(Flights[[#This Row],[Airline]]="US Airways", Flights[[#This Row],[Meal]]="Full Meal"), "Yes", "No") -> No | U344: 0.55555556 | V344: -15 | W344: =IF(Flights[[#This Row],[Arrival Delay]] = "", "Cancelled", IF(Flights[[#This Row],[Arrival Delay]]>15, "Delayed", "On time")) -> On time | X344: =IF(Flights[[#This Row],[Status]]<>"Delayed","", IF(Flights[[#This Row],[Arrival Delay]]>120, "Severe", IF(Flights[[#This Row],[Arrival Delay]]>60, "Major", "Moderate"))) | Y344: FALSE | AA344: =IF(OR(AND(Flights[[#This Row],[Status]]="Cancelled", Flights[[#This Row],[Cancellation Reason]]="Airline/Carrier"), Flights[[#This Row],[Delay Type]]="Severe"), "Yes", "No") -> No
A345: 42032 | B345: =WEEKNUM(Flights[[#This Row],[Date]], 1) -> 5 | C345: =WEEKDAY(Flights[[#This Row],[Date]],1) -> 4 | D345: WN1963 | E345: Southwest | F345: LAX | G345: MCI | H345: =_xlfn.XLOOKUP(Flights[[#This Row],[Destination]], Airports!$A$2:$A$78, Airports!$D$2:$D$78) -> Kansas City | I345: {=_xlfn.XLOOKUP(Flights[[#This Row],[Destination]],_xlfn._TRO_TRAILING( Airports!A:A),_xlfn._TRO_TRAILING( Airports!E:E), "Not found")} -> MO | J345: 0.45486111 | K345: =HOUR(Flights[[#This Row],[Scheduled Departure]]) -> 10 | L345: 0.45486111 | M345: =(L345-J345)*24*60 -> 0 | N345: =Flights[[#This Row],[Length (min)]]/60 -> 2.8 | O345: 168 | P345: 1363 | Q345: =IFERROR(Flights[[#This Row],[Distance]]/Flights[[#This Row],[Length (hr)]], "") -> 486.78571 | R345: 0.67013889 | S345: =IF(Flights[[#This Row],[Length (hr)]]<2, "No meal", IF(Flights[[#This Row],[Length (hr)]]<3.5, "Light meal", "Full meal")) -> Light meal | T345: =IF(AND(Flights[[#This Row],[Airline]]="US Airways", Flights[[#This Row],[Meal]]="Full Meal"), "Yes", "No") -> No | U345: 0.65486111 | V345: -22 | W345: =IF(Flights[[#This Row],[Arrival Delay]] = "", "Cancelled", IF(Flights[[#This Row],[Arrival Delay]]>15, "Delayed", "On time")) -> On time | X345: =IF(Flights[[#This Row],[Status]]<>"Delayed","", IF(Flights[[#This Row],[Arrival Delay]]>120, "Severe", IF(Flights[[#This Row],[Arrival Delay]]>60, "Major", "Moderate"))) | Y345: FALSE | AA345: =IF(OR(AND(Flights[[#This Row],[Status]]="Cancelled", Flights[[#This Row],[Cancellation Reason]]="Airline/Carrier"), Flights[[#This Row],[Delay Type]]="Severe"), "Yes", "No") -> No
... A385: 42035 | B385: =WEEKNUM(Flights[[#This Row],[Date]], 1) -> 5 | C385: =WEEKDAY(Flights[[#This Row],[Date]],1) -> 7 | D385: OO6430 | E385: Skywest | F385: LAX | G385: SAT | H385: =_xlfn.XLOOKUP(Flights[[#This Row],[Destination]], Airports!$A$2:$A$78, Airports!$D$2:$D$78) -> San Antonio | I385: {=_xlfn.XLOOKUP(Flights[[#This Row],[Destination]],_xlfn._TRO_TRAILING( Airports!A:A),_xlfn._TRO_TRAILING( Airports!E:E), "Not found")} -> TX | J385: 0.6 | K385: =HOUR(Flights[[#This Row],[Scheduled Departure]]) -> 14 | L385: 0.59722222 | M385: =(L385-J385)*24*60 -> -4 | N385: =Flights[[#This Row],[Length (min)]]/60 -> 2.75 | O385: 165 | P385: 1211 | Q385: =IFERROR(Flights[[#This Row],[Distance]]/Flights[[#This Row],[Length (hr)]], "") -> 440.36364 | R385: 0.80069444 | S385: =IF(Flights[[#This Row],[Length (hr)]]<2, "No meal", IF(Flights[[#This Row],[Length (hr)]]<3.5, "Light meal", "Full meal")) -> Light meal | T385: =IF(AND(Flights[[#This Row],[Airline]]="US Airways", Flights[[#This Row],[Meal]]="Full Meal"), "Yes", "No") -> No | U385: 0.79513889 | V385: -8 | W385: =IF(Flights[[#This Row],[Arrival Delay]] = "", "Cancelled", IF(Flights[[#This Row],[Arrival Delay]]>15, "Delayed", "On time")) -> On time | X385: =IF(Flights[[#This Row],[Status]]<>"Delayed","", IF(Flights[[#This Row],[Arrival Delay]]>120, "Severe", IF(Flights[[#This Row],[Arrival Delay]]>60, "Major", "Moderate"))) | Y385: FALSE | AA385: =IF(OR(AND(Flights[[#This Row],[Status]]="Cancelled", Flights[[#This Row],[Cancellation Reason]]="Airline/Carrier"), Flights[[#This Row],[Delay Type]]="Severe"), "Yes", "No") -> No
A386: 42035 | B386: =WEEKNUM(Flights[[#This Row],[Date]], 1) -> 5 | C386: =WEEKDAY(Flights[[#This Row],[Date]],1) -> 7 | D386: WN2796 | E386: Southwest | F386: LAX | G386: MDW | H386: =_xlfn.XLOOKUP(Flights[[#This Row],[Destination]], Airports!$A$2:$A$78, Airports!$D$2:$D$78) -> Chicago | I386: {=_xlfn.XLOOKUP(Flights[[#This Row],[Destination]],_xlfn._TRO_TRAILING( Airports!A:A),_xlfn._TRO_TRAILING( Airports!E:E), "Not found")} -> IL | J386: 0.64236111 | K386: =HOUR(Flights[[#This Row],[Scheduled Departure]]) -> 15 | L386: 0 | M386: =(L386-J386)*24*60 -> -925 | N386: =Flights[[#This Row],[Length (min)]]/60 -> 0 | P386: 1750 | Q386: =IFERROR(Flights[[#This Row],[Distance]]/Flights[[#This Row],[Length (hr)]], "") | R386: 0.88888889 | S386: =IF(Flights[[#This Row],[Length (hr)]]<2, "No meal", IF(Flights[[#This Row],[Length (hr)]]<3.5, "Light meal", "Full meal")) -> No meal | T386: =IF(AND(Flights[[#This Row],[Airline]]="US Airways", Flights[[#This Row],[Meal]]="Full Meal"), "Yes", "No") -> No | U386: 0 | W386: =IF(Flights[[#This Row],[Arrival Delay]] = "", "Cancelled", IF(Flights[[#This Row],[Arrival Delay]]>15, "Delayed", "On time")) -> Cancelled | X386: =IF(Flights[[#This Row],[Status]]<>"Delayed","", IF(Flights[[#This Row],[Arrival Delay]]>120, "Severe", IF(Flights[[#This Row],[Arrival Delay]]>60, "Major", "Moderate"))) | Y386: TRUE | Z386: Weather | AA386: =IF(OR(AND(Flights[[#This Row],[Status]]="Cancelled", Flights[[#This Row],[Cancellation Reason]]="Airline/Carrier"), Flights[[#This Row],[Delay Type]]="Severe"), "Yes", "No") -> No
A387: 42035 | B387: =WEEKNUM(Flights[[#This Row],[Date]], 1) -> 5 | C387: =WEEKDAY(Flights[[#This Row],[Date]],1) -> 7 | D387: UA1750 | E387: United | F387: LAX | G387: SFO | H387: =_xlfn.XLOOKUP(Flights[[#This Row],[Destination]], Airports!$A$2:$A$78, Airports!$D$2:$D$78) -> San Francisco | I387: {=_xlfn.XLOOKUP(Flights[[#This Row],[Destination]],_xlfn._TRO_TRAILING( Airports!A:A),_xlfn._TRO_TRAILING( Airports!E:E), "Not found")} -> CA | J387: 0.67083333 | K387: =HOUR(Flights[[#This Row],[Scheduled Departure]]) -> 16 | L387: 0.66458333 | M387: =(L387-J387)*24*60 -> -9 | N387: =Flights[[#This Row],[Length (min)]]/60 -> 1.1666667 | O387: 70 | P387: 337 | Q387: =IFERROR(Flights[[#This Row],[Distance]]/Flights[[#This Row],[Length (hr)]], "") -> 288.85714 | R387: 0.72638889 | S387: =IF(Flights[[#This Row],[Length (hr)]]<2, "No meal", IF(Flights[[#This Row],[Length (hr)]]<3.5, "Light meal", "Full meal")) -> No meal | T387: =IF(AND(Flights[[#This Row],[Airline]]="US Airways", Flights[[#This Row],[Meal]]="Full Meal"), "Yes", "No") -> No | U387: 0.71319444 | V387: -19 | W387: =IF(Flights[[#This Row],[Arrival Delay]] = "", "Cancelled", IF(Flights[[#This Row],[Arrival Delay]]>15, "Delayed", "On time")) -> On time | X387: =IF(Flights[[#This Row],[Status]]<>"Delayed","", IF(Flights[[#This Row],[Arrival Delay]]>120, "Severe", IF(Flights[[#This Row],[Arrival Delay]]>60, "Major", "Moderate"))) | Y387: FALSE | AA387: =IF(OR(AND(Flights[[#This Row],[Status]]="Cancelled", Flights[[#This Row],[Cancellation Reason]]="Airline/Carrier"), Flights[[#This Row],[Delay Type]]="Severe"), "Yes", "No") -> No
A388: 42035 | B388: =WEEKNUM(Flights[[#This Row],[Date]], 1) -> 5 | C388: =WEEKDAY(Flights[[#This Row],[Date]],1) -> 7 | D388: WN3264 | E388: Southwest | F388: LAX | G388: DAL | H388: =_xlfn.XLOOKUP(Flights[[#This Row],[Destination]], Airports!$A$2:$A$78, Airports!$D$2:$D$78) -> Dallas | I388: {=_xlfn.XLOOKUP(Flights[[#This Row],[Destination]],_xlfn._TRO_TRAILING( Airports!A:A),_xlfn._TRO_TRAILING( Airports!E:E), "Not found")} -> TX | J388: 0.80208333 | K388: =HOUR(Flights[[#This Row],[Scheduled Departure]]) -> 19 | L388: 0.79791667 | M388: =(L388-J388)*24*60 -> -6 | N388: =Flights[[#This Row],[Length (min)]]/60 -> 2.7166667 | O388: 163 | P388: 1246 | Q388: =IFERROR(Flights[[#This Row],[Distance]]/Flights[[#This Row],[Length (hr)]], "") -> 458.65031 | R388: 0.99652778 | S388: =IF(Flights[[#This Row],[Length (hr)]]<2, "No meal", IF(Flights[[#This Row],[Length (hr)]]<3.5, "Light meal", "Full meal")) -> Light meal | T388: =IF(AND(Flights[[#This Row],[Airline]]="US Airways", Flights[[#This Row],[Meal]]="Full Meal"), "Yes", "No") -> No | U388: 0.99444444 | V388: -3 | W388: =IF(Flights[[#This Row],[Arrival Delay]] = "", "Cancelled", IF(Flights[[#This Row],[Arrival Delay]]>15, "Delayed", "On time")) -> On time | X388: =IF(Flights[[#This Row],[Status]]<>"Delayed","", IF(Flights[[#This Row],[Arrival Delay]]>120, "Severe", IF(Flights[[#This Row],[Arrival Delay]]>60, "Major", "Moderate"))) | Y388: FALSE | AA388: =IF(OR(AND(Flights[[#This Row],[Status]]="Cancelled", Flights[[#This Row],[Cancellation Reason]]="Airline/Carrier"), Flights[[#This Row],[Delay Type]]="Severe"), "Yes", "No") -> No
A389: 42035 | B389: =WEEKNUM(Flights[[#This Row],[Date]], 1) -> 5 | C389: =WEEKDAY(Flights[[#This Row],[Date]],1) -> 7 | D389: WN2952 | E389: Southwest | F389: LAX | G389: OAK | H389: =_xlfn.XLOOKUP(Flights[[#This Row],[Destination]], Airports!$A$2:$A$78, Airports!$D$2:$D$78) -> Oakland | I389: {=_xlfn.XLOOKUP(Flights[[#This Row],[Destination]],_xlfn._TRO_TRAILING( Airports!A:A),_xlfn._TRO_TRAILING( Airports!E:E), "Not found")} -> CA | J389: 0.83680556 | K389: =HOUR(Flights[[#This Row],[Scheduled Departure]]) -> 20 | L389: 0.83472222 | M389: =(L389-J389)*24*60 -> -3 | N389: =Flights[[#This Row],[Length (min)]]/60 -> 1.1833333 | O389: 71 | P389: 337 | Q389: =IFERROR(Flights[[#This Row],[Distance]]/Flights[[#This Row],[Length (hr)]], "") -> 284.78873 | R389: 0.88888889 | S389: =IF(Flights[[#This Row],[Length (hr)]]<2, "No meal", IF(Flights[[#This Row],[Length (hr)]]<3.5, "Light meal", "Full meal")) -> No meal | T389: =IF(AND(Flights[[#This Row],[Airline]]="US Airways", Flights[[#This Row],[Meal]]="Full Meal"), "Yes", "No") -> No | U389: 0.88402778 | V389: -7 | W389: =IF(Flights[[#This Row],[Arrival Delay]] = "", "Cancelled", IF(Flights[[#This Row],[Arrival Delay]]>15, "Delayed", "On time")) -> On time | X389: =IF(Flights[[#This Row],[Status]]<>"Delayed","", IF(Flights[[#This Row],[Arrival Delay]]>120, "Severe", IF(Flights[[#This Row],[Arrival Delay]]>60, "Major", "Moderate"))) | Y389: FALSE | AA389: =IF(OR(AND(Flights[[#This Row],[Status]]="Cancelled", Flights[[#This Row],[Cancellation Reason]]="Airline/Carrier"), Flights[[#This Row],[Delay Type]]="Severe"), "Yes", "No") -> No
A390: 42035 | B390: =WEEKNUM(Flights[[#This Row],[Date]], 1) -> 5 | C390: =WEEKDAY(Flights[[#This Row],[Date]],1) -> 7 | D390: UA1747 | E390: United | F390: LAX | G390: EWR | H390: =_xlfn.XLOOKUP(Flights[[#This Row],[Destination]], Airports!$A$2:$A$78, Airports!$D$2:$D$78) -> Newark | I390: {=_xlfn.XLOOKUP(Flights[[#This Row],[Destination]],_xlfn._TRO_TRAILING( Airports!A:A),_xlfn._TRO_TRAILING( Airports!E:E), "Not found")} -> NJ | J390: 0.92708333 | K390: =HOUR(Flights[[#This Row],[Scheduled Departure]]) -> 22 | L390: 0.92847222 | M390: =(L390-J390)*24*60 -> 2 | N390: =Flights[[#This Row],[Length (min)]]/60 -> 4.8833333 | O390: 293 | P390: 2454 | Q390: =IFERROR(Flights[[#This Row],[Distance]]/Flights[[#This Row],[Length (hr)]], "") -> 502.5256 | R390: 0.26944444 | S390: =IF(Flights[[#This Row],[Length (hr)]]<2, "No meal", IF(Flights[[#This Row],[Length (hr)]]<3.5, "Light meal", "Full meal")) -> Full meal | T390: =IF(AND(Flights[[#This Row],[Airline]]="US Airways", Flights[[#This Row],[Meal]]="Full Meal"), "Yes", "No") -> No | U390: 0.25694444 | V390: -18 | W390: =IF(Flights[[#This Row],[Arrival Delay]] = "", "Cancelled", IF(Flights[[#This Row],[Arrival Delay]]>15, "Delayed", "On time")) -> On time | X390: =IF(Flights[[#This Row],[Status]]<>"Delayed","", IF(Flights[[#This Row],[Arrival Delay]]>120, "Severe", IF(Flights[[#This Row],[Arrival Delay]]>60, "Major", "Moderate"))) | Y390: FALSE | AA390: =IF(OR(AND(Flights[[#This Row],[Status]]="Cancelled", Flights[[#This Row],[Cancellation Reason]]="Airline/Carrier"), Flights[[#This Row],[Delay Type]]="Severe"), "Yes", "No") -> No
A391: 42036 | B391: =WEEKNUM(Flights[[#This Row],[Date]], 1) -> 6 | C391: =WEEKDAY(Flights[[#This Row],[Date]],1) -> 1 | D391: VX162 | E391: Virgin America | F391: LAX | G391: EWR | H391: =_xlfn.XLOOKUP(Flights[[#This Row],[Destination]], Airports!$A$2:$A$78, Airports!$D$2:$D$78) -> Newark | I391: {=_xlfn.XLOOKUP(Flights[[#This Row],[Destination]],_xlfn._TRO_TRAILING( Airports!A:A),_xlfn._TRO_TRAILING( Airports!E:E), "Not found")} -> NJ | J391: 0.35069444 | K391: =HOUR(Flights[[#This Row],[Scheduled Departure]]) -> 8 | L391: 0.35069444 | M391: =(L391-J391)*24*60 -> 0 | N391: =Flights[[#This Row],[Length (min)]]/60 -> 5.0666667 | O391: 304 | P391: 2454 | Q391: =IFERROR(Flights[[#This Row],[Distance]]/Flights[[#This Row],[Length (hr)]], "") -> 484.34211 | R391: 0.6875 | S391: =IF(Flights[[#This Row],[Length (hr)]]<2, "No meal", IF(Flights[[#This Row],[Length (hr)]]<3.5, "Light meal", "Full meal")) -> Full meal | T391: =IF(AND(Flights[[#This Row],[Airline]]="US Airways", Flights[[#This Row],[Meal]]="Full Meal"), "Yes", "No") -> No | U391: 0.68680556 | V391: -1 | W391: =IF(Flights[[#This Row],[Arrival Delay]] = "", "Cancelled", IF(Flights[[#This Row],[Arrival Delay]]>15, "Delayed", "On time")) -> On time | X391: =IF(Flights[[#This Row],[Status]]<>"Delayed","", IF(Flights[[#This Row],[Arrival Delay]]>120, "Severe", IF(Flights[[#This Row],[Arrival Delay]]>60, "Major", "Moderate"))) | Y391: FALSE | AA391: =IF(OR(AND(Flights[[#This Row],[Status]]="Cancelled", Flights[[#This Row],[Cancellation Reason]]="Airline/Carrier"), Flights[[#This Row],[Delay Type]]="Severe"), "Yes", "No") -> No
A392: 42036 | B392: =WEEKNUM(Flights[[#This Row],[Date]], 1) -> 6 | C392: =WEEKDAY(Flights[[#This Row],[Date]],1) -> 1 | D392: WN1136 | E392: Southwest | F392: LAX | G392: TUS | H392: =_xlfn.XLOOKUP(Flights[[#This Row],[Destination]], Airports!$A$2:$A$78, Airports!$D$2:$D$78) -> Tucson | I392: {=_xlfn.XLOOKUP(Flights[[#This Row],[Destination]],_xlfn._TRO_TRAILING( Airports!A:A),_xlfn._TRO_TRAILING( Airports!E:E), "Not found")} -> AZ | J392: 0.49652778 | K392: =HOUR(Flights[[#This Row],[Scheduled Departure]]) -> 11 | L392: 0.5 | M392: =(L392-J392)*24*60 -> 5 | N392: =Flights[[#This Row],[Length (min)]]/60 -> 1.4166667 | O392: 85 | P392: 451 | Q392: =IFERROR(Flights[[#This Row],[Distance]]/Flights[[#This Row],[Length (hr)]], "") -> 318.35294 | R392: 0.59375 | S392: =IF(Flights[[#This Row],[Length (hr)]]<2, "No meal", IF(Flights[[#This Row],[Length (hr)]]<3.5, "Light meal", "Full meal")) -> No meal | T392: =IF(AND(Flights[[#This Row],[Airline]]="US Airways", Flights[[#This Row],[Meal]]="Full Meal"), "Yes", "No") -> No | U392: 0.60069444 | V392: 10 | W392: =IF(Flights[[#This Row],[Arrival Delay]] = "", "Cancelled", IF(Flights[[#This Row],[Arrival Delay]]>15, "Delayed", "On time")) -> On time | X392: =IF(Flights[[#This Row],[Status]]<>"Delayed","", IF(Flights[[#This Row],[Arrival Delay]]>120, "Severe", IF(Flights[[#This Row],[Arrival Delay]]>60, "Major", "Moderate"))) | Y392: FALSE | AA392: =IF(OR(AND(Flights[[#This Row],[Status]]="Cancelled", Flights[[#This Row],[Cancellation Reason]]="Airline/Carrier"), Flights[[#This Row],[Delay Type]]="Severe"), "Yes", "No") -> No
A393: 42036 | B393: =WEEKNUM(Flights[[#This Row],[Date]], 1) -> 6 | C393: =WEEKDAY(Flights[[#This Row],[Date]],1) -> 1 | D393: UA706 | E393: United | F393: LAX | G393: CLE | H393: =_xlfn.XLOOKUP(Flights[[#This Row],[Destination]], Airports!$A$2:$A$78, Airports!$D$2:$D$78) -> Cleveland | I393: {=_xlfn.XLOOKUP(Flights[[#This Row],[Destination]],_xlfn._TRO_TRAILING( Airports!A:A),_xlfn._TRO_TRAILING( Airports!E:E), "Not found")} -> OH | J393: 0.54861111 | K393: =HOUR(Flights[[#This Row],[Scheduled Departure]]) -> 13 | L393: 0.54444444 | M393: =(L393-J393)*24*60 -> -6 | N393: =Flights[[#This Row],[Length (min)]]/60 -> 4.5666667 | O393: 274 | P393: 2052 | Q393: =IFERROR(Flights[[#This Row],[Distance]]/Flights[[#This Row],[Length (hr)]], "") -> 449.34307 | R393: 0.86041667 | S393: =IF(Flights[[#This Row],[Length (hr)]]<2, "No meal", IF(Flights[[#This Row],[Length (hr)]]<3.5, "Light meal", "Full meal")) -> Full meal | T393: =IF(AND(Flights[[#This Row],[Airline]]="US Airways", Flights[[#This Row],[Meal]]="Full Meal"), "Yes", "No") -> No | U393: 0.85972222 | V393: -1 | W393: =IF(Flights[[#This Row],[Arrival Delay]] = "", "Cancelled", IF(Flights[[#This Row],[Arrival Delay]]>15, "Delayed", "On time")) -> On time | X393: =IF(Flights[[#This Row],[Status]]<>"Delayed","", IF(Flights[[#This Row],[Arrival Delay]]>120, "Severe", IF(Flights[[#This Row],[Arrival Delay]]>60, "Major", "Moderate"))) | Y393: FALSE | AA393: =IF(OR(AND(Flights[[#This Row],[Status]]="Cancelled", Flights[[#This Row],[Cancellation Reason]]="Airline/Carrier"), Flights[[#This Row],[Delay Type]]="Severe"), "Yes", "No") -> No
A394: 42036 | B394: =WEEKNUM(Flights[[#This Row],[Date]], 1) -> 6 | C394: =WEEKDAY(Flights[[#This Row],[Date]],1) -> 1 | D394: VX929 | E394: Virgin America | F394: LAX | G394: SFO | H394: =_xlfn.XLOOKUP(Flights[[#This Row],[Destination]], Airports!$A$2:$A$78, Airports!$D$2:$D$78) -> San Francisco | I394: {=_xlfn.XLOOKUP(Flights[[#This Row],[Destination]],_xlfn._TRO_TRAILING( Airports!A:A),_xlfn._TRO_TRAILING( Airports!E:E), "Not found")} -> CA | J394: 0.5625 | K394: =HOUR(Flights[[#This Row],[Scheduled Departure]]) -> 13 | L394: 0.5625 | M394: =(L394-J394)*24*60 -> 0 | N394: =Flights[[#This Row],[Length (min)]]/60 -> 1.2833333 | O394: 77 | P394: 337 | Q394: =IFERROR(Flights[[#This Row],[Distance]]/Flights[[#This Row],[Length (hr)]], "") -> 262.5974 | R394: 0.61458333 | S394: =IF(Flights[[#This Row],[Length (hr)]]<2, "No meal", IF(Flights[[#This Row],[Length (hr)]]<3.5, "Light meal", "Full meal")) -> No meal | T394: =IF(AND(Flights[[#This Row],[Airline]]="US Airways", Flights[[#This Row],[Meal]]="Full Meal"), "Yes", "No") -> No | U394: 0.61597222 | V394: 2 | W394: =IF(Flights[[#This Row],[Arrival Delay]] = "", "Cancelled", IF(Flights[[#This Row],[Arrival Delay]]>15, "Delayed", "On time")) -> On time | X394: =IF(Flights[[#This Row],[Status]]<>"Delayed","", IF(Flights[[#This Row],[Arrival Delay]]>120, "Severe", IF(Flights[[#This Row],[Arrival Delay]]>60, "Major", "Moderate"))) | Y394: FALSE | AA394: =IF(OR(AND(Flights[[#This Row],[Status]]="Cancelled", Flights[[#This Row],[Cancellation Reason]]="Airline/Carrier"), Flights[[#This Row],[Delay Type]]="Severe"), "Yes", "No") -> No
A395: 42036 | B395: =WEEKNUM(Flights[[#This Row],[Date]], 1) -> 6 | C395: =WEEKDAY(Flights[[#This Row],[Date]],1) -> 1 | D395: US1926 | E395: US Airways | F395: LAX | G395: PHL | H395: =_xlfn.XLOOKUP(Flights[[#This Row],[Destination]], Airports!$A$2:$A$78, Airports!$D$2:$D$78) -> Philadelphia | I395: {=_xlfn.XLOOKUP(Flights[[#This Row],[Destination]],_xlfn._TRO_TRAILING( Airports!A:A),_xlfn._TRO_TRAILING( Airports!E:E), "Not found")} -> PA | J395: 0.59027778 | K395: =HOUR(Flights[[#This Row],[Scheduled Departure]]) -> 14 | L395: 0.58958333 | M395: =(L395-J395)*24*60 -> -1 | N395: =Flights[[#This Row],[Length (min)]]/60 -> 4.7333333 | O395: 284 | P395: 2402 | Q395: =IFERROR(Flights[[#This Row],[Distance]]/Flights[[#This Row],[Length (hr)]], "") -> 507.46479 | R395: 0.91944444 | S395: =IF(Flights[[#This Row],[Length (hr)]]<2, "No meal", IF(Flights[[#This Row],[Length (hr)]]<3.5, "Light meal", "Full meal")) -> Full meal | T395: =IF(AND(Flights[[#This Row],[Airline]]="US Airways", Flights[[#This Row],[Meal]]="Full Meal"), "Yes", "No") -> Yes | U395: 0.91180556 | V395: -11 | W395: =IF(Flights[[#This Row],[Arrival Delay]] = "", "Cancelled", IF(Flights[[#This Row],[Arrival Delay]]>15, "Delayed", "On time")) -> On time | X395: =IF(Flights[[#This Row],[Status]]<>"Delayed","", IF(Flights[[#This Row],[Arrival Delay]]>120, "Severe", IF(Flights[[#This Row],[Arrival Delay]]>60, "Major", "Moderate"))) | Y395: FALSE | AA395: =IF(OR(AND(Flights[[#This Row],[Status]]="Cancelled", Flights[[#This Row],[Cancellation Reason]]="Airline/Carrier"), Flights[[#This Row],[Delay Type]]="Severe"), "Yes", "No") -> No
A396: 42036 | B396: =WEEKNUM(Flights[[#This Row],[Date]], 1) -> 6 | C396: =WEEKDAY(Flights[[#This Row],[Date]],1) -> 1 | D396: VX945 | E396: Virgin America | F396: LAX | G396: SFO | H396: =_xlfn.XLOOKUP(Flights[[#This Row],[Destination]], Airports!$A$2:$A$78, Airports!$D$2:$D$78) -> San Francisco | I396: {=_xlfn.XLOOKUP(Flights[[#This Row],[Destination]],_xlfn._TRO_TRAILING( Airports!A:A),_xlfn._TRO_TRAILING( Airports!E:E), "Not found")} -> CA | J396: 0.72222222 | K396: =HOUR(Flights[[#This Row],[Scheduled Departure]]) -> 17 | L396: 0.71944444 | M396: =(L396-J396)*24*60 -> -4 | N396: =Flights[[#This Row],[Length (min)]]/60 -> 1.0833333 | O396: 65 | P396: 337 | Q396: =IFERROR(Flights[[#This Row],[Distance]]/Flights[[#This Row],[Length (hr)]], "") -> 311.07692 | R396: 0.77430556 | S396: =IF(Flights[[#This Row],[Length (hr)]]<2, "No meal", IF(Flights[[#This Row],[Length (hr)]]<3.5, "Light meal", "Full meal")) -> No meal | T396: =IF(AND(Flights[[#This Row],[Airline]]="US Airways", Flights[[#This Row],[Meal]]="Full Meal"), "Yes", "No") -> No | U396: 0.76458333 | V396: -14 | W396: =IF(Flights[[#This Row],[Arrival Delay]] = "", "Cancelled", IF(Flights[[#This Row],[Arrival Delay]]>15, "Delayed", "On time")) -> On time | X396: =IF(Flights[[#This Row],[Status]]<>"Delayed","", IF(Flights[[#This Row],[Arrival Delay]]>120, "Severe", IF(Flights[[#This Row],[Arrival Delay]]>60, "Major", "Moderate"))) | Y396: FALSE | AA396: =IF(OR(AND(Flights[[#This Row],[Status]]="Cancelled", Flights[[#This Row],[Cancellation Reason]]="Airline/Carrier"), Flights[[#This Row],[Delay Type]]="Severe"), "Yes", "No") -> No
A397: 42036 | B397: =WEEKNUM(Flights[[#This Row],[Date]], 1) -> 6 | C397: =WEEKDAY(Flights[[#This Row],[Date]],1) -> 1 | D397: AA2463 | E397: American Airlines | F397: LAX | G397: DFW | H397: =_xlfn.XLOOKUP(Flights[[#This Row],[Destination]], Airports!$A$2:$A$78, Airports!$D$2:$D$78) -> Dallas | I397: {=_xlfn.XLOOKUP(Flights[[#This Row],[Destination]],_xlfn._TRO_TRAILING( Airports!A:A),_xlfn._TRO_TRAILING( Airports!E:E), "Not found")} -> TX | J397: 0.78819444 | K397: =HOUR(Flights[[#This Row],[Scheduled Departure]]) -> 18 | L397: 0.78263889 | M397: =(L397-J397)*24*60 -> -8 | N397: =Flights[[#This Row],[Length (min)]]/60 -> 2.75 | O397: 165 | P397: 1235 | Q397: =IFERROR(Flights[[#This Row],[Distance]]/Flights[[#This Row],[Length (hr)]], "") -> 449.09091 | R397: 0.98958333 | S397: =IF(Flights[[#This Row],[Length (hr)]]<2, "No meal", IF(Flights[[#This Row],[Length (hr)]]<3.5, "Light meal", "Full meal")) -> Light meal | T397: =IF(AND(Flights[[#This Row],[Airline]]="US Airways", Flights[[#This Row],[Meal]]="Full Meal"), "Yes", "No") -> No | U397: 0.98055556 | V397: -13 | W397: =IF(Flights[[#This Row],[Arrival Delay]] = "", "Cancelled", IF(Flights[[#This Row],[Arrival Delay]]>15, "Delayed", "On time")) -> On time | X397: =IF(Flights[[#This Row],[Status]]<>"Delayed","", IF(Flights[[#This Row],[Arrival Delay]]>120, "Severe", IF(Flights[[#This Row],[Arrival Delay]]>60, "Major", "Moderate"))) | Y397: FALSE | AA397: =IF(OR(AND(Flights[[#This Row],[Status]]="Cancelled", Flights[[#This Row],[Cancellation Reason]]="Airline/Carrier"), Flights[[#This Row],[Delay Type]]="Severe"), "Yes", "No") -> No
A398: 42037 | B398: =WEEKNUM(Flights[[#This Row],[Date]], 1) -> 6 | C398: =WEEKDAY(Flights[[#This Row],[Date]],1) -> 2 | D398: OO2629 | E398: Skywest | F398: LAX | G398: ELP | H398: =_xlfn.XLOOKUP(Flights[[#This Row],[Destination]], Airports!$A$2:$A$78, Airports!$D$2:$D$78) -> El Paso | I398: {=_xlfn.XLOOKUP(Flights[[#This Row],[Destination]],_xlfn._TRO_TRAILING( Airports!A:A),_xlfn._TRO_TRAILING( Airports!E:E), "Not found")} -> TX | J398: 0.36180556 | K398: =HOUR(Flights[[#This Row],[Scheduled Departure]]) -> 8 | L398: 0.37986111 | M398: =(L398-J398)*24*60 -> 26 | N398: =Flights[[#This Row],[Length (min)]]/60 -> 1.85 | O398: 111 | P398: 715 | Q398: =IFERROR(Flights[[#This Row],[Distance]]/Flights[[#This Row],[Length (hr)]], "") -> 386.48649 | R398: 0.48472222 | S398: =IF(Flights[[#This Row],[Length (hr)]]<2, "No meal", IF(Flights[[#This Row],[Length (hr)]]<3.5, "Light meal", "Full meal")) -> No meal | T398: =IF(AND(Flights[[#This Row],[Airline]]="US Airways", Flights[[#This Row],[Meal]]="Full Meal"), "Yes", "No") -> No | U398: 0.49861111 | V398: 20 | W398: =IF(Flights[[#This Row],[Arrival Delay]] = "", "Cancelled", IF(Flights[[#This Row],[Arrival Delay]]>15, "Delayed", "On time")) -> Delayed | X398: =IF(Flights[[#This Row],[Status]]<>"Delayed","", IF(Flights[[#This Row],[Arrival Delay]]>120, "Severe", IF(Flights[[#This Row],[Arrival Delay]]>60, "Major", "Moderate"))) -> Moderate | Y398: FALSE | AA398: =IF(OR(AND(Flights[[#This Row],[Status]]="Cancelled", Flights[[#This Row],[Cancellation Reason]]="Airline/Carrier"), Flights[[#This Row],[Delay Type]]="Severe"), "Yes", "No") -> No
... A581: 42051 | B581: =WEEKNUM(Flights[[#This Row],[Date]], 1) -> 8 | C581: =WEEKDAY(Flights[[#This Row],[Date]],1) -> 2 | D581: OO6399 | E581: Skywest | F581: LAX | G581: BZN | H581: =_xlfn.XLOOKUP(Flights[[#This Row],[Destination]], Airports!$A$2:$A$78, Airports!$D$2:$D$78) -> Bozeman | I581: {=_xlfn.XLOOKUP(Flights[[#This Row],[Destination]],_xlfn._TRO_TRAILING( Airports!A:A),_xlfn._TRO_TRAILING( Airports!E:E), "Not found")} -> MT | J581: 0.4375 | K581: =HOUR(Flights[[#This Row],[Scheduled Departure]]) -> 10 | L581: 0.43680556 | M581: =(L581-J581)*24*60 -> -1 | N581: =Flights[[#This Row],[Length (min)]]/60 -> 2.9333333 | O581: 176 | P581: 902 | Q581: =IFERROR(Flights[[#This Row],[Distance]]/Flights[[#This Row],[Length (hr)]], "") -> 307.5 | R581: 0.58680556 | S581: =IF(Flights[[#This Row],[Length (hr)]]<2, "No meal", IF(Flights[[#This Row],[Length (hr)]]<3.5, "Light meal", "Full meal")) -> Light meal | T581: =IF(AND(Flights[[#This Row],[Airline]]="US Airways", Flights[[#This Row],[Meal]]="Full Meal"), "Yes", "No") -> No | U581: 0.60069444 | V581: 20 | W581: =IF(Flights[[#This Row],[Arrival Delay]] = "", "Cancelled", IF(Flights[[#This Row],[Arrival Delay]]>15, "Delayed", "On time")) -> Delayed | X581: =IF(Flights[[#This Row],[Status]]<>"Delayed","", IF(Flights[[#This Row],[Arrival Delay]]>120, "Severe", IF(Flights[[#This Row],[Arrival Delay]]>60, "Major", "Moderate"))) -> Moderate | Y581: FALSE | AA581: =IF(OR(AND(Flights[[#This Row],[Status]]="Cancelled", Flights[[#This Row],[Cancellation Reason]]="Airline/Carrier"), Flights[[#This Row],[Delay Type]]="Severe"), "Yes", "No") -> No
A582: 42051 | B582: =WEEKNUM(Flights[[#This Row],[Date]], 1) -> 8 | C582: =WEEKDAY(Flights[[#This Row],[Date]],1) -> 2 | D582: AA1307 | E582: American Airlines | F582: LAX | G582: BNA | H582: =_xlfn.XLOOKUP(Flights[[#This Row],[Destination]], Airports!$A$2:$A$78, Airports!$D$2:$D$78) -> Nashville | I582: {=_xlfn.XLOOKUP(Flights[[#This Row],[Destination]],_xlfn._TRO_TRAILING( Airports!A:A),_xlfn._TRO_TRAILING( Airports!E:E), "Not found")} -> TN | J582: 0.48958333 | K582: =HOUR(Flights[[#This Row],[Scheduled Departure]]) -> 11 | L582: 0 | M582: =(L582-J582)*24*60 -> -705 | N582: =Flights[[#This Row],[Length (min)]]/60 -> 0 | P582: 1797 | Q582: =IFERROR(Flights[[#This Row],[Distance]]/Flights[[#This Row],[Length (hr)]], "") | R582: 0.73333333 | S582: =IF(Flights[[#This Row],[Length (hr)]]<2, "No meal", IF(Flights[[#This Row],[Length (hr)]]<3.5, "Light meal", "Full meal")) -> No meal | T582: =IF(AND(Flights[[#This Row],[Airline]]="US Airways", Flights[[#This Row],[Meal]]="Full Meal"), "Yes", "No") -> No | U582: 0 | W582: =IF(Flights[[#This Row],[Arrival Delay]] = "", "Cancelled", IF(Flights[[#This Row],[Arrival Delay]]>15, "Delayed", "On time")) -> Cancelled | X582: =IF(Flights[[#This Row],[Status]]<>"Delayed","", IF(Flights[[#This Row],[Arrival Delay]]>120, "Severe", IF(Flights[[#This Row],[Arrival Delay]]>60, "Major", "Moderate"))) | Y582: TRUE | Z582: Weather | AA582: =IF(OR(AND(Flights[[#This Row],[Status]]="Cancelled", Flights[[#This Row],[Cancellation Reason]]="Airline/Carrier"), Flights[[#This Row],[Delay Type]]="Severe"), "Yes", "No") -> No
A583: 42051 | B583: =WEEKNUM(Flights[[#This Row],[Date]], 1) -> 8 | C583: =WEEKDAY(Flights[[#This Row],[Date]],1) -> 2 | D583: UA1169 | E583: United | F583: LAX | G583: IAH | H583: =_xlfn.XLOOKUP(Flights[[#This Row],[Destination]], Airports!$A$2:$A$78, Airports!$D$2:$D$78) -> Houston | I583: {=_xlfn.XLOOKUP(Flights[[#This Row],[Destination]],_xlfn._TRO_TRAILING( Airports!A:A),_xlfn._TRO_TRAILING( Airports!E:E), "Not found")} -> TX | J583: 0.53333333 | K583: =HOUR(Flights[[#This Row],[Scheduled Departure]]) -> 12 | L583: 0 | M583: =(L583-J583)*24*60 -> -768 | N583: =Flights[[#This Row],[Length (min)]]/60 -> 0 | P583: 1379 | Q583: =IFERROR(Flights[[#This Row],[Distance]]/Flights[[#This Row],[Length (hr)]], "") | R583: 0.75 | S583: =IF(Flights[[#This Row],[Length (hr)]]<2, "No meal", IF(Flights[[#This Row],[Length (hr)]]<3.5, "Light meal", "Full meal")) -> No meal | T583: =IF(AND(Flights[[#This Row],[Airline]]="US Airways", Flights[[#This Row],[Meal]]="Full Meal"), "Yes", "No") -> No | U583: 0 | W583: =IF(Flights[[#This Row],[Arrival Delay]] = "", "Cancelled", IF(Flights[[#This Row],[Arrival Delay]]>15, "Delayed", "On time")) -> Cancelled | X583: =IF(Flights[[#This Row],[Status]]<>"Delayed","", IF(Flights[[#This Row],[Arrival Delay]]>120, "Severe", IF(Flights[[#This Row],[Arrival Delay]]>60, "Major", "Moderate"))) | Y583: TRUE | Z583: Airline/Carrier | AA583: =IF(OR(AND(Flights[[#This Row],[Status]]="Cancelled", Flights[[#This Row],[Cancellation Reason]]="Airline/Carrier"), Flights[[#This Row],[Delay Type]]="Severe"), "Yes", "No") -> Yes
A584: 42051 | B584: =WEEKNUM(Flights[[#This Row],[Date]], 1) -> 8 | C584: =WEEKDAY(Flights[[#This Row],[Date]],1) -> 2 | D584: WN913 | E584: Southwest | F584: LAX | G584: SMF | H584: =_xlfn.XLOOKUP(Flights[[#This Row],[Destination]], Airports!$A$2:$A$78, Airports!$D$2:$D$78) -> Sacramento | I584: {=_xlfn.XLOOKUP(Flights[[#This Row],[Destination]],_xlfn._TRO_TRAILING( Airports!A:A),_xlfn._TRO_TRAILING( Airports!E:E), "Not found")} -> CA | J584: 0.69097222 | K584: =HOUR(Flights[[#This Row],[Scheduled Departure]]) -> 16 | L584: 0.70138889 | M584: =(L584-J584)*24*60 -> 15 | N584: =Flights[[#This Row],[Length (min)]]/60 -> 1.1666667 | O584: 70 | P584: 373 | Q584: =IFERROR(Flights[[#This Row],[Distance]]/Flights[[#This Row],[Length (hr)]], "") -> 319.71429 | R584: 0.74305556 | S584: =IF(Flights[[#This Row],[Length (hr)]]<2, "No meal", IF(Flights[[#This Row],[Length (hr)]]<3.5, "Light meal", "Full meal")) -> No meal | T584: =IF(AND(Flights[[#This Row],[Airline]]="US Airways", Flights[[#This Row],[Meal]]="Full Meal"), "Yes", "No") -> No | U584: 0.75 | V584: 10 | W584: =IF(Flights[[#This Row],[Arrival Delay]] = "", "Cancelled", IF(Flights[[#This Row],[Arrival Delay]]>15, "Delayed", "On time")) -> On time | X584: =IF(Flights[[#This Row],[Status]]<>"Delayed","", IF(Flights[[#This Row],[Arrival Delay]]>120, "Severe", IF(Flights[[#This Row],[Arrival Delay]]>60, "Major", "Moderate"))) | Y584: FALSE | AA584: =IF(OR(AND(Flights[[#This Row],[Status]]="Cancelled", Flights[[#This Row],[Cancellation Reason]]="Airline/Carrier"), Flights[[#This Row],[Delay Type]]="Severe"), "Yes", "No") -> No
A585: 42051 | B585: =WEEKNUM(Flights[[#This Row],[Date]], 1) -> 8 | C585: =WEEKDAY(Flights[[#This Row],[Date]],1) -> 2 | D585: WN2873 | E585: Southwest | F585: LAX | G585: OAK | H585: =_xlfn.XLOOKUP(Flights[[#This Row],[Destination]], Airports!$A$2:$A$78, Airports!$D$2:$D$78) -> Oakland | I585: {=_xlfn.XLOOKUP(Flights[[#This Row],[Destination]],_xlfn._TRO_TRAILING( Airports!A:A),_xlfn._TRO_TRAILING( Airports!E:E), "Not found")} -> CA | J585: 0.69444444 | K585: =HOUR(Flights[[#This Row],[Scheduled Departure]]) -> 16 | L585: 0.70069444 | M585: =(L585-J585)*24*60 -> 9 | N585: =Flights[[#This Row],[Length (min)]]/60 -> 1.0833333 | O585: 65 | P585: 337 | Q585: =IFERROR(Flights[[#This Row],[Distance]]/Flights[[#This Row],[Length (hr)]], "") -> 311.07692 | R585: 0.74652778 | S585: =IF(Flights[[#This Row],[Length (hr)]]<2, "No meal", IF(Flights[[#This Row],[Length (hr)]]<3.5, "Light meal", "Full meal")) -> No meal | T585: =IF(AND(Flights[[#This Row],[Airline]]="US Airways", Flights[[#This Row],[Meal]]="Full Meal"), "Yes", "No") -> No | U585: 0.74583333 | V585: -1 | W585: =IF(Flights[[#This Row],[Arrival Delay]] = "", "Cancelled", IF(Flights[[#This Row],[Arrival Delay]]>15, "Delayed", "On time")) -> On time | X585: =IF(Flights[[#This Row],[Status]]<>"Delayed","", IF(Flights[[#This Row],[Arrival Delay]]>120, "Severe", IF(Flights[[#This Row],[Arrival Delay]]>60, "Major", "Moderate"))) | Y585: FALSE | AA585: =IF(OR(AND(Flights[[#This Row],[Status]]="Cancelled", Flights[[#This Row],[Cancellation Reason]]="Airline/Carrier"), Flights[[#This Row],[Delay Type]]="Severe"), "Yes", "No") -> No
A586: 42051 | B586: =WEEKNUM(Flights[[#This Row],[Date]], 1) -> 8 | C586: =WEEKDAY(Flights[[#This Row],[Date]],1) -> 2 | D586: OO2576 | E586: Skywest | F586: LAX | G586: RNO | H586: =_xlfn.XLOOKUP(Flights[[#This Row],[Destination]], Airports!$A$2:$A$78, Airports!$D$2:$D$78) -> Reno | I586: {=_xlfn.XLOOKUP(Flights[[#This Row],[Destination]],_xlfn._TRO_TRAILING( Airports!A:A),_xlfn._TRO_TRAILING( Airports!E:E), "Not found")} -> NV | J586: 0.70833333 | K586: =HOUR(Flights[[#This Row],[Scheduled Departure]]) -> 17 | L586: 0.70416667 | M586: =(L586-J586)*24*60 -> -6 | N586: =Flights[[#This Row],[Length (min)]]/60 -> 1.6666667 | O586: 100 | P586: 391 | Q586: =IFERROR(Flights[[#This Row],[Distance]]/Flights[[#This Row],[Length (hr)]], "") -> 234.6 | R586: 0.76666667 | S586: =IF(Flights[[#This Row],[Length (hr)]]<2, "No meal", IF(Flights[[#This Row],[Length (hr)]]<3.5, "Light meal", "Full meal")) -> No meal | T586: =IF(AND(Flights[[#This Row],[Airline]]="US Airways", Flights[[#This Row],[Meal]]="Full Meal"), "Yes", "No") -> No | U586: 0.77361111 | V586: 10 | W586: =IF(Flights[[#This Row],[Arrival Delay]] = "", "Cancelled", IF(Flights[[#This Row],[Arrival Delay]]>15, "Delayed", "On time")) -> On time | X586: =IF(Flights[[#This Row],[Status]]<>"Delayed","", IF(Flights[[#This Row],[Arrival Delay]]>120, "Severe", IF(Flights[[#This Row],[Arrival Delay]]>60, "Major", "Moderate"))) | Y586: FALSE | AA586: =IF(OR(AND(Flights[[#This Row],[Status]]="Cancelled", Flights[[#This Row],[Cancellation Reason]]="Airline/Carrier"), Flights[[#This Row],[Delay Type]]="Severe"), "Yes", "No") -> No
A587: 42051 | B587: =WEEKNUM(Flights[[#This Row],[Date]], 1) -> 8 | C587: =WEEKDAY(Flights[[#This Row],[Date]],1) -> 2 | D587: OO6296 | E587: Skywest | F587: LAX | G587: DFW | H587: =_xlfn.XLOOKUP(Flights[[#This Row],[Destination]], Airports!$A$2:$A$78, Airports!$D$2:$D$78) -> Dallas | I587: {=_xlfn.XLOOKUP(Flights[[#This Row],[Destination]],_xlfn._TRO_TRAILING( Airports!A:A),_xlfn._TRO_TRAILING( Airports!E:E), "Not found")} -> TX | J587: 0.76875 | K587: =HOUR(Flights[[#This Row],[Scheduled Departure]]) -> 18 | L587: 0.81111111 | M587: =(L587-J587)*24*60 -> 61 | N587: =Flights[[#This Row],[Length (min)]]/60 -> 2.8 | O587: 168 | P587: 1235 | Q587: =IFERROR(Flights[[#This Row],[Distance]]/Flights[[#This Row],[Length (hr)]], "") -> 441.07143 | R587: 0.97916667 | S587: =IF(Flights[[#This Row],[Length (hr)]]<2, "No meal", IF(Flights[[#This Row],[Length (hr)]]<3.5, "Light meal", "Full meal")) -> Light meal | T587: =IF(AND(Flights[[#This Row],[Airline]]="US Airways", Flights[[#This Row],[Meal]]="Full Meal"), "Yes", "No") -> No | U587: 0.011111111 | V587: 46 | W587: =IF(Flights[[#This Row],[Arrival Delay]] = "", "Cancelled", IF(Flights[[#This Row],[Arrival Delay]]>15, "Delayed", "On time")) -> Delayed | X587: =IF(Flights[[#This Row],[Status]]<>"Delayed","", IF(Flights[[#This Row],[Arrival Delay]]>120, "Severe", IF(Flights[[#This Row],[Arrival Delay]]>60, "Major", "Moderate"))) -> Moderate | Y587: FALSE | AA587: =IF(OR(AND(Flights[[#This Row],[Status]]="Cancelled", Flights[[#This Row],[Cancellation Reason]]="Airline/Carrier"), Flights[[#This Row],[Delay Type]]="Severe"), "Yes", "No") -> No
A588: 42051 | B588: =WEEKNUM(Flights[[#This Row],[Date]], 1) -> 8 | C588: =WEEKDAY(Flights[[#This Row],[Date]],1) -> 2 | D588: OO2584 | E588: Skywest | F588: LAX | G588: EUG | H588: =_xlfn.XLOOKUP(Flights[[#This Row],[Destination]], Airports!$A$2:$A$78, Airports!$D$2:$D$78) -> Eugene | I588: {=_xlfn.XLOOKUP(Flights[[#This Row],[Destination]],_xlfn._TRO_TRAILING( Airports!A:A),_xlfn._TRO_TRAILING( Airports!E:E), "Not found")} -> OR | J588: 0.82291667 | K588: =HOUR(Flights[[#This Row],[Scheduled Departure]]) -> 19 | L588: 0.83680556 | M588: =(L588-J588)*24*60 -> 20 | N588: =Flights[[#This Row],[Length (min)]]/60 -> 2.15 | O588: 129 | P588: 748 | Q588: =IFERROR(Flights[[#This Row],[Distance]]/Flights[[#This Row],[Length (hr)]], "") -> 347.90698 | R588: 0.91319444 | S588: =IF(Flights[[#This Row],[Length (hr)]]<2, "No meal", IF(Flights[[#This Row],[Length (hr)]]<3.5, "Light meal", "Full meal")) -> Light meal | T588: =IF(AND(Flights[[#This Row],[Airline]]="US Airways", Flights[[#This Row],[Meal]]="Full Meal"), "Yes", "No") -> No | U588: 0.92638889 | V588: 19 | W588: =IF(Flights[[#This Row],[Arrival Delay]] = "", "Cancelled", IF(Flights[[#This Row],[Arrival Delay]]>15, "Delayed", "On time")) -> Delayed | X588: =IF(Flights[[#This Row],[Status]]<>"Delayed","", IF(Flights[[#This Row],[Arrival Delay]]>120, "Severe", IF(Flights[[#This Row],[Arrival Delay]]>60, "Major", "Moderate"))) -> Moderate | Y588: FALSE | AA588: =IF(OR(AND(Flights[[#This Row],[Status]]="Cancelled", Flights[[#This Row],[Cancellation Reason]]="Airline/Carrier"), Flights[[#This Row],[Delay Type]]="Severe"), "Yes", "No") -> No
A589: 42051 | B589: =WEEKNUM(Flights[[#This Row],[Date]], 1) -> 8 | C589: =WEEKDAY(Flights[[#This Row],[Date]],1) -> 2 | D589: US782 | E589: US Airways | F589: LAX | G589: PHL | H589: =_xlfn.XLOOKUP(Flights[[#This Row],[Destination]], Airports!$A$2:$A$78, Airports!$D$2:$D$78) -> Philadelphia | I589: {=_xlfn.XLOOKUP(Flights[[#This Row],[Destination]],_xlfn._TRO_TRAILING( Airports!A:A),_xlfn._TRO_TRAILING( Airports!E:E), "Not found")} -> PA | J589: 0.92708333 | K589: =HOUR(Flights[[#This Row],[Scheduled Departure]]) -> 22 | L589: 0.92361111 | M589: =(L589-J589)*24*60 -> -5 | N589: =Flights[[#This Row],[Length (min)]]/60 -> 4.75 | O589: 285 | P589: 2402 | Q589: =IFERROR(Flights[[#This Row],[Distance]]/Flights[[#This Row],[Length (hr)]], "") -> 505.68421 | R589: 0.25555556 | S589: =IF(Flights[[#This Row],[Length (hr)]]<2, "No meal", IF(Flights[[#This Row],[Length (hr)]]<3.5, "Light meal", "Full meal")) -> Full meal | T589: =IF(AND(Flights[[#This Row],[Airline]]="US Airways", Flights[[#This Row],[Meal]]="Full Meal"), "Yes", "No") -> Yes | U589: 0.24652778 | V589: -13 | W589: =IF(Flights[[#This Row],[Arrival Delay]] = "", "Cancelled", IF(Flights[[#This Row],[Arrival Delay]]>15, "Delayed", "On time")) -> On time | X589: =IF(Flights[[#This Row],[Status]]<>"Delayed","", IF(Flights[[#This Row],[Arrival Delay]]>120, "Severe", IF(Flights[[#This Row],[Arrival Delay]]>60, "Major", "Moderate"))) | Y589: FALSE | AA589: =IF(OR(AND(Flights[[#This Row],[Status]]="Cancelled", Flights[[#This Row],[Cancellation Reason]]="Airline/Carrier"), Flights[[#This Row],[Delay Type]]="Severe"), "Yes", "No") -> No
...

Sheet Reports
B2: Flights | C2: =COUNTA(Flights[Flight]) -> 4985
B3: Delays | C3: =COUNTIF(Flights[Status], "Delayed") -> 975
B4: Average Delays | C4: =AVERAGEIFS(Flights[Arrival Delay], Flights[Status], "Delayed") -> 51.867692
B5: Maximum Delay | C5: =_xlfn.MAXIFS(Flights[Arrival Delay], Flights[Status], "Delayed") -> 770
B6: Cancelled Flights | C6: =COUNTA(Flights[Cancellation Reason]) -> 53
B7: Non-cancelled Flights | C7: =COUNTBLANK(Flights[Cancellation Reason]) -> 4932
B8: Destinations | C8: =COUNTA(_xlfn.UNIQUE(Flights[Destination])) -> 76
B10: Airlines | C10: =COUNTA(_xlfn.UNIQUE(Flights[Airline])) -> 12 | D10: On Time | E10: Delayed | F10: Cancelled | G10: Percentages | H10: On Time | I10: Delayed | J10: Cancelled | L10: Groupby | O10: Pivotby
B11: {=_xlfn._xlws.SORT(_xlfn.UNIQUE(Flights[Airline]))} -> Alaska Airlines | C11: {=COUNTIFS(Flights[Airline],_xlfn.ANCHORARRAY( B11))} -> 235 | D11: {=COUNTIFS(Flights[Airline],_xlfn.ANCHORARRAY( B11), Flights[Status], D10:F10)} -> 215 | E11: 19 | F11: 1 | H11: {=COUNTIFS(Flights[Airline],_xlfn.ANCHORARRAY( B11), Flights[Status], H10:J10)/_xlfn.ANCHORARRAY(C11)} -> 0.91489362 | I11: 0.080851064 | J11: 0.0042553191 | L11: {=_xlfn.GROUPBY(Flights[Airline], Flights[Flight], _xleta.COUNTA,,,-2)} -> Southwest | M11: 971 | O11: {=_xlfn.PIVOTBY(Flights[Airline], Flights[Status], Flights[Flight], _xleta.COUNTA,,,-2,,1)} | P11: Cancelled | Q11: Delayed | R11: On time | S11: Total
B12: American Airlines | C12: 839 | D12: 705 | E12: 128 | F12: 6 | H12: 0.84028605 | I12: 0.15256257 | J12: 0.0071513707 | L12: Skywest | M12: 874 | O12: Southwest | P12: 18 | Q12: 241 | R12: 712 | S12: 971
B13: Delta | C13: 654 | D13: 553 | E13: 100 | F13: 1 | H13: 0.84556575 | I13: 0.1529052 | J13: 0.001529052 | L13: American Airlines | M13: 839 | O13: Skywest | P13: 15 | Q13: 192 | R13: 667 | S13: 874
B14: Frontier | C14: 41 | D14: 31 | E14: 10 | F14: 0 | H14: 0.75609756 | I14: 0.24390244 | J14: 0 | L14: United | M14: 703 | O14: American Airlines | P14: 6 | Q14: 128 | R14: 705 | S14: 839
B15: Hawaiian | C15: 38 | D15: 28 | E15: 9 | F15: 1 | H15: 0.73684211 | I15: 0.23684211 | J15: 0.026315789 | L15: Delta | M15: 654 | O15: United | P15: 8 | Q15: 138 | R15: 557 | S15: 703
B16: JetBlue | C16: 108 | D16: 86 | E16: 22 | F16: 0 | H16: 0.7962963 | I16: 0.2037037 | J16: 0 | L16: Virgin America | M16: 300 | O16: Delta | P16: 1 | Q16: 100 | R16: 553 | S16: 654
B17: Skywest | C17: 874 | D17: 667 | E17: 192 | F17: 15 | H17: 0.76315789 | I17: 0.21967963 | J17: 0.017162471 | L17: Alaska Airlines | M17: 235 | O17: Virgin America | P17: 1 | Q17: 60 | R17: 239 | S17: 300
B18: Southwest | C18: 971 | D18: 712 | E18: 241 | F18: 18 | H18: 0.73326468 | I18: 0.24819773 | J18: 0.01853759 | L18: Spirit | M18: 120 | O18: Alaska Airlines | P18: 1 | Q18: 19 | R18: 215 | S18: 235
B19: Spirit | C19: 120 | D19: 80 | E19: 39 | F19: 1 | H19: 0.66666667 | I19: 0.325 | J19: 0.0083333333 | L19: JetBlue | M19: 108 | O19: Spirit | P19: 1 | Q19: 39 | R19: 80 | S19: 120
B20: United | C20: 703 | D20: 557 | E20: 138 | F20: 8 | H20: 0.79231863 | I20: 0.19630156 | J20: 0.011379801 | L20: US Airways | M20: 102 | O20: JetBlue | Q20: 22 | R20: 86 | S20: 108
B21: US Airways | C21: 102 | D21: 84 | E21: 17 | F21: 1 | H21: 0.82352941 | I21: 0.16666667 | J21: 0.0098039216 | L21: Frontier | M21: 41 | O21: US Airways | P21: 1 | Q21: 17 | R21: 84 | S21: 102
B22: Virgin America | C22: 300 | D22: 239 | E22: 60 | F22: 1 | H22: 0.79666667 | I22: 0.2 | J22: 0.0033333333 | L22: Hawaiian | M22: 38 | O22: Frontier | Q22: 10 | R22: 31 | S22: 41
L23: Total | M23: 4985 | O23: Hawaiian | P23: 1 | Q23: 9 | R23: 28 | S23: 38
O24: Total | P24: 53 | Q24: 975 | R24: 3957 | S24: 4985

Sheet Airports
A1: IATA Code | B1: Airport Name | C1: Address | D1: City | E1: State | F1: Zip Code | G1: Full Address | H1: Year Opened | I1: Year Opened till Now | J1: User Name | K1: Domain | L1: Contact Email | M1: First Name | N1: Last Name | O1: Full Name | P1: Column1
A2: ABQ | B2: Albuquerque International Sunport | C2: 2200 Sunport Blvd SE | D2: Albuquerque | E2: NM | F2: 87106 | G2: =_xlfn.TEXTJOIN(", ", TRUE, Airports[[#This Row],[Address]:[Zip Code]]) -> 2200 Sunport Blvd SE, Albuquerque, NM, 87106 | H2: 1939 | I2: =YEAR(TODAY())-Airports[[#This Row],[Year Opened]] -> 87 | J2: =_xlfn.TEXTBEFORE(Airports[[#This Row],[Contact Email]], "@") -> e.rogers | K2: =_xlfn.TEXTBEFORE(_xlfn.TEXTAFTER(Airports[[#This Row],[Contact Email]], "@"), ".") -> abqairport | L2: e.rogers@abqairport.com | M2: Emily | N2: ROGERS | O2: =Airports[[#This Row],[First Name]]&" "&LEFT(TRIM(PROPER(Airports[[#This Row],[Last Name]]))) -> Emily R | P2: Emily Rogers
A3: ANC | B3: Ted Stevens Anchorage International Airport | C3: 5000 W International Airport Rd | D3: Anchorage | E3: AK | F3: 99502 | G3: =_xlfn.TEXTJOIN(", ", TRUE, Airports[[#This Row],[Address]:[Zip Code]]) -> 5000 W International Airport Rd, Anchorage, AK, 99502 | H3: 1951 | I3: =YEAR(TODAY())-Airports[[#This Row],[Year Opened]] -> 75 | J3: =_xlfn.TEXTBEFORE(Airports[[#This Row],[Contact Email]], "@") -> sprice | K3: =_xlfn.TEXTBEFORE(_xlfn.TEXTAFTER(Airports[[#This Row],[Contact Email]], "@"), ".") -> ancairport | L3: sprice@ancairport.com | M3: Steven | N3: PRICE | O3: =Airports[[#This Row],[First Name]]&" "&LEFT(TRIM(PROPER(Airports[[#This Row],[Last Name]]))) -> Steven P | P3: Steven Price
A4: ASE | B4: Aspen-Pitkin County Airport | C4: 233 E Airport Rd | D4: Aspen | E4: CO | F4: 81611 | G4: =_xlfn.TEXTJOIN(", ", TRUE, Airports[[#This Row],[Address]:[Zip Code]]) -> 233 E Airport Rd, Aspen, CO, 81611 | H4: 1946 | I4: =YEAR(TODAY())-Airports[[#This Row],[Year Opened]] -> 80 | J4: =_xlfn.TEXTBEFORE(Airports[[#This Row],[Contact Email]], "@") -> megan.ward | K4: =_xlfn.TEXTBEFORE(_xlfn.TEXTAFTER(Airports[[#This Row],[Contact Email]], "@"), ".") -> aspenairport | L4: megan.ward@aspenairport.com | M4: Megan | N4: WARD | O4: =Airports[[#This Row],[First Name]]&" "&LEFT(TRIM(PROPER(Airports[[#This Row],[Last Name]]))) -> Megan W | P4: Megan Ward
A5: ATL | B5: Hartsfield-Jackson Atlanta International Airport | C5: 6000 N Terminal Pkwy | D5: Atlanta | E5: GA | F5: 30320 | G5: =_xlfn.TEXTJOIN(", ", TRUE, Airports[[#This Row],[Address]:[Zip Code]]) -> 6000 N Terminal Pkwy, Atlanta, GA, 30320 | H5: 1925 | I5: =YEAR(TODAY())-Airports[[#This Row],[Year Opened]] -> 101 | J5: =_xlfn.TEXTBEFORE(Airports[[#This Row],[Contact Email]], "@") -> cbaker | K5: =_xlfn.TEXTBEFORE(_xlfn.TEXTAFTER(Airports[[#This Row],[Contact Email]], "@"), ".") -> atlairport | L5: cbaker@atlairport.com | M5: Charles | N5: BAKER | O5: =Airports[[#This Row],[First Name]]&" "&LEFT(TRIM(PROPER(Airports[[#This Row],[Last Name]]))) -> Charles B | P5: Charles Baker
A6: AUS | B6: Austin-Bergstrom International Airport | C6: 3600 Presidential Blvd | D6: Austin | E6: TX | F6: 78719 | G6: =_xlfn.TEXTJOIN(", ", TRUE, Airports[[#This Row],[Address]:[Zip Code]]) -> 3600 Presidential Blvd, Austin, TX, 78719 | H6: 1999 | I6: =YEAR(TODAY())-Airports[[#This Row],[Year Opened]] -> 27 | J6: =_xlfn.TEXTBEFORE(Airports[[#This Row],[Contact Email]], "@") -> jedwards | K6: =_xlfn.TEXTBEFORE(_xlfn.TEXTAFTER(Airports[[#This Row],[Contact Email]], "@"), ".") -> austinairport | L6: jedwards@austinairport.com | M6: Julia | N6: EDWARDS | O6: =Airports[[#This Row],[First Name]]&" "&LEFT(TRIM(PROPER(Airports[[#This Row],[Last Name]]))) -> Julia E | P6: Julia Edwards
A7: BNA | B7: Nashville International Airport | C7: 1 Terminal Dr | D7: Nashville | E7: TN | F7: 37214 | G7: =_xlfn.TEXTJOIN(", ", TRUE, Airports[[#This Row],[Address]:[Zip Code]]) -> 1 Terminal Dr, Nashville, TN, 37214 | H7: 1937 | I7: =YEAR(TODAY())-Airports[[#This Row],[Year Opened]] -> 89 | J7: =_xlfn.TEXTBEFORE(Airports[[#This Row],[Contact Email]], "@") -> tyler.m | K7: =_xlfn.TEXTBEFORE(_xlfn.TEXTAFTER(Airports[[#This Row],[Contact Email]], "@"), ".") -> bnaairport | L7: tyler.m@bnaairport.com | M7: Tyler | N7: MORGAN | O7: =Airports[[#This Row],[First Name]]&" "&LEFT(TRIM(PROPER(Airports[[#This Row],[Last Name]]))) -> Tyler M | P7: Tyler Morgan
A8: BOI | B8: Boise Airport | C8: 3201 W Airport Way | D8: Boise | E8: ID | F8: 83705 | G8: =_xlfn.TEXTJOIN(", ", TRUE, Airports[[#This Row],[Address]:[Zip Code]]) -> 3201 W Airport Way, Boise, ID, 83705 | H8: 1936 | I8: =YEAR(TODAY())-Airports[[#This Row],[Year Opened]] -> 90 | J8: =_xlfn.TEXTBEFORE(Airports[[#This Row],[Contact Email]], "@") -> angie.stewart | K8: =_xlfn.TEXTBEFORE(_xlfn.TEXTAFTER(Airports[[#This Row],[Contact Email]], "@"), ".") -> boiairport | L8: angie.stewart@boiairport.com | M8: Angela | N8: STEWART | O8: =Airports[[#This Row],[First Name]]&" "&LEFT(TRIM(PROPER(Airports[[#This Row],[Last Name]]))) -> Angela S | P8: Angela Stewart
A9: BOS | B9: Gen. Edward Lawrence Logan International Airport | C9: 1 Harborside Dr | D9: Boston | E9: MA | F9: 02128 | G9: =_xlfn.TEXTJOIN(", ", TRUE, Airports[[#This Row],[Address]:[Zip Code]]) -> 1 Harborside Dr, Boston, MA, 02128 | H9: 1923 | I9: =YEAR(TODAY())-Airports[[#This Row],[Year Opened]] -> 103 | J9: =_xlfn.TEXTBEFORE(Airports[[#This Row],[Contact Email]], "@") -> mlee | K9: =_xlfn.TEXTBEFORE(_xlfn.TEXTAFTER(Airports[[#This Row],[Contact Email]], "@"), ".") -> loganairport | L9: mlee@loganairport.com | M9: Matthew | N9: LEE | O9: =Airports[[#This Row],[First Name]]&" "&LEFT(TRIM(PROPER(Airports[[#This Row],[Last Name]]))) -> Matthew L | P9: Matthew Lee
A10: BWI | B10: Baltimore-Washington International Airport | C10: 7050 Friendship Rd | D10: Baltimore | E10: MD | F10: 21240 | G10: =_xlfn.TEXTJOIN(", ", TRUE, Airports[[#This Row],[Address]:[Zip Code]]) -> 7050 Friendship Rd, Baltimore, MD, 21240 | H10: 1950 | I10: =YEAR(TODAY())-Airports[[#This Row],[Year Opened]] -> 76 | J10: =_xlfn.TEXTBEFORE(Airports[[#This Row],[Contact Email]], "@") -> jhoward | K10: =_xlfn.TEXTBEFORE(_xlfn.TEXTAFTER(Airports[[#This Row],[Contact Email]], "@"), ".") -> bwiairport | L10: jhoward@bwiairport.com | M10: Jessica | N10: HOWARD | O10: =Airports[[#This Row],[First Name]]&" "&LEFT(TRIM(PROPER(Airports[[#This Row],[Last Name]]))) -> Jessica H | P10: Jessica Howard
A11: BZN | B11: Bozeman Yellowstone International Airport | C11: 850 Gallatin Field Rd | D11: Bozeman | E11: MT | F11: 59714 | G11: =_xlfn.TEXTJOIN(", ", TRUE, Airports[[#This Row],[Address]:[Zip Code]]) -> 850 Gallatin Field Rd, Bozeman, MT, 59714 | H11: 1942 | I11: =YEAR(TODAY())-Airports[[#This Row],[Year Opened]] -> 84 | J11: =_xlfn.TEXTBEFORE(Airports[[#This Row],[Contact Email]], "@") -> rphillips | K11: =_xlfn.TEXTBEFORE(_xlfn.TEXTAFTER(Airports[[#This Row],[Contact Email]], "@"), ".") -> bozemanairport | L11: rphillips@bozemanairport.com | M11: Ryan | N11: PHILLIPS | O11: =Airports[[#This Row],[First Name]]&" "&LEFT(TRIM(PROPER(Airports[[#This Row],[Last Name]]))) -> Ryan P | P11: Ryan Phillips
A12: CLD | B12: McClellan-Palomar Airport | C12: 2198 Palomar Airport Rd | D12: San Diego | E12: CA | F12: 92011 | G12: =_xlfn.TEXTJOIN(", ", TRUE, Airports[[#This Row],[Address]:[Zip Code]]) -> 2198 Palomar Airport Rd, San Diego, CA, 92011 | H12: 1959 | I12: =YEAR(TODAY())-Airports[[#This Row],[Year Opened]] -> 67 | J12: =_xlfn.TEXTBEFORE(Airports[[#This Row],[Contact Email]], "@") -> ladams | K12: =_xlfn.TEXTBEFORE(_xlfn.TEXTAFTER(Airports[[#This Row],[Contact Email]], "@"), ".") -> carlsbadairport | L12: ladams@carlsbadairport.com | M12: Lauren | N12: ADAMS | O12: =Airports[[#This Row],[First Name]]&" "&LEFT(TRIM(PROPER(Airports[[#This Row],[Last Name]]))) -> Lauren A | P12: Lauren Adams
A13: CLE | B13: Cleveland Hopkins International Airport | C13: 5300 Riverside Dr | D13: Cleveland | E13: OH | F13: 44135 | G13: =_xlfn.TEXTJOIN(", ", TRUE, Airports[[#This Row],[Address]:[Zip Code]]) -> 5300 Riverside Dr, Cleveland, OH, 44135 | H13: 1925 | I13: =YEAR(TODAY())-Airports[[#This Row],[Year Opened]] -> 101 | J13: =_xlfn.TEXTBEFORE(Airports[[#This Row],[Contact Email]], "@") -> bclark | K13: =_xlfn.TEXTBEFORE(_xlfn.TEXTAFTER(Airports[[#This Row],[Contact Email]], "@"), ".") -> cleairport | L13: bclark@cleairport.com | M13: Benjamin | N13: CLARK | O13: =Airports[[#This Row],[First Name]]&" "&LEFT(TRIM(PROPER(Airports[[#This Row],[Last Name]]))) -> Benjamin C | P13: Benjamin Clark
... A36: JAC | B36: Jackson Hole Airport | C36: 1250 E Airport Rd | D36: Jackson | E36: WY | F36: 83001 | G36: =_xlfn.TEXTJOIN(", ", TRUE, Airports[[#This Row],[Address]:[Zip Code]]) -> 1250 E Airport Rd, Jackson, WY, 83001 | H36: 1930 | I36: =YEAR(TODAY())-Airports[[#This Row],[Year Opened]] -> 96 | J36: =_xlfn.TEXTBEFORE(Airports[[#This Row],[Contact Email]], "@") -> sbarrett | K36: =_xlfn.TEXTBEFORE(_xlfn.TEXTAFTER(Airports[[#This Row],[Contact Email]], "@"), ".") -> jacksonholeairport | L36: sbarrett@jacksonholeairport.com | M36: Scott | N36: BARRETT | O36: =Airports[[#This Row],[First Name]]&" "&LEFT(TRIM(PROPER(Airports[[#This Row],[Last Name]]))) -> Scott B | P36: Scott Barrett
A37: JFK | B37: John F. Kennedy International Airport | D37: New York | E37: NY | F37: 11430 | G37: =_xlfn.TEXTJOIN(", ", TRUE, Airports[[#This Row],[Address]:[Zip Code]]) -> New York, NY, 11430 | H37: 1948 | I37: =YEAR(TODAY())-Airports[[#This Row],[Year Opened]] -> 78 | J37: =_xlfn.TEXTBEFORE(Airports[[#This Row],[Contact Email]], "@") -> d.bennett | K37: =_xlfn.TEXTBEFORE(_xlfn.TEXTAFTER(Airports[[#This Row],[Contact Email]], "@"), ".") -> jfkairport | L37: d.bennett@jfkairport.com | M37: David | N37: BENNETT | O37: =Airports[[#This Row],[First Name]]&" "&LEFT(TRIM(PROPER(Airports[[#This Row],[Last Name]]))) -> David B | P37: David Bennett
A38: KOA | B38: Kona International Airport at Keahole | C38: 73-200 Kupipi St | D38: Kona | E38: HI | F38: 96740 | G38: =_xlfn.TEXTJOIN(", ", TRUE, Airports[[#This Row],[Address]:[Zip Code]]) -> 73-200 Kupipi St, Kona, HI, 96740 | H38: 1970 | I38: =YEAR(TODAY())-Airports[[#This Row],[Year Opened]] -> 56 | J38: =_xlfn.TEXTBEFORE(Airports[[#This Row],[Contact Email]], "@") -> vreynolds | K38: =_xlfn.TEXTBEFORE(_xlfn.TEXTAFTER(Airports[[#This Row],[Contact Email]], "@"), ".") -> konaairport | L38: vreynolds@konaairport.com | M38: Victoria | N38: REYNOLDS | O38: =Airports[[#This Row],[First Name]]&" "&LEFT(TRIM(PROPER(Airports[[#This Row],[Last Name]]))) -> Victoria R | P38: Victoria Reynolds
A39: LAS | B39: McCarran International Airport | C39: 5757 Wayne Newton Blvd | D39: Las Vegas | E39: NV | F39: 89119 | G39: =_xlfn.TEXTJOIN(", ", TRUE, Airports[[#This Row],[Address]:[Zip Code]]) -> 5757 Wayne Newton Blvd, Las Vegas, NV, 89119 | H39: 1942 | I39: =YEAR(TODAY())-Airports[[#This Row],[Year Opened]] -> 84 | J39: =_xlfn.TEXTBEFORE(Airports[[#This Row],[Contact Email]], "@") -> jcollins | K39: =_xlfn.TEXTBEFORE(_xlfn.TEXTAFTER(Airports[[#This Row],[Contact Email]], "@"), ".") -> lasairport | L39: jcollins@lasairport.com | M39: Joshua | N39: COLLINS | O39: =Airports[[#This Row],[First Name]]&" "&LEFT(TRIM(PROPER(Airports[[#This Row],[Last Name]]))) -> Joshua C | P39: Joshua Collins
A40: LIH | B40: Lihue Airport | C40: 3901 Mokulele Loop | D40: Lihue | E40: HI | F40: 96766 | G40: =_xlfn.TEXTJOIN(", ", TRUE, Airports[[#This Row],[Address]:[Zip Code]]) -> 3901 Mokulele Loop, Lihue, HI, 96766 | H40: 1950 | I40: =YEAR(TODAY())-Airports[[#This Row],[Year Opened]] -> 76 | J40: =_xlfn.TEXTBEFORE(Airports[[#This Row],[Contact Email]], "@") -> monica.f | K40: =_xlfn.TEXTBEFORE(_xlfn.TEXTAFTER(Airports[[#This Row],[Contact Email]], "@"), ".") -> lihueairport | L40: monica.f@lihueairport.com | M40: Monica | N40: FLORES | O40: =Airports[[#This Row],[First Name]]&" "&LEFT(TRIM(PROPER(Airports[[#This Row],[Last Name]]))) -> Monica F | P40: Monica Flores
A41: MCI | B41: Kansas City International Airport | C41: 1 International Square | D41: Kansas City | E41: MO | F41: 64153 | G41: =_xlfn.TEXTJOIN(", ", TRUE, Airports[[#This Row],[Address]:[Zip Code]]) -> 1 International Square, Kansas City, MO, 64153 | H41: 1972 | I41: =YEAR(TODAY())-Airports[[#This Row],[Year Opened]] -> 54 | J41: =_xlfn.TEXTBEFORE(Airports[[#This Row],[Contact Email]], "@") -> rtorres | K41: =_xlfn.TEXTBEFORE(_xlfn.TEXTAFTER(Airports[[#This Row],[Contact Email]], "@"), ".") -> flykc | L41: rtorres@flykc.com | M41: Richard | N41: TORRES | O41: =Airports[[#This Row],[First Name]]&" "&LEFT(TRIM(PROPER(Airports[[#This Row],[Last Name]]))) -> Richard T | P41: Richard Torres
A42: MCO | B42: Orlando International Airport | C42: 1 Jeff Fuqua Blvd | D42: Orlando | E42: FL | F42: 32827 | G42: =_xlfn.TEXTJOIN(", ", TRUE, Airports[[#This Row],[Address]:[Zip Code]]) -> 1 Jeff Fuqua Blvd, Orlando, FL, 32827 | H42: 1981 | I42: =YEAR(TODAY())-Airports[[#This Row],[Year Opened]] -> 45 | J42: =_xlfn.TEXTBEFORE(Airports[[#This Row],[Contact Email]], "@") -> b.campbell | K42: =_xlfn.TEXTBEFORE(_xlfn.TEXTAFTER(Airports[[#This Row],[Contact Email]], "@"), ".") -> orlandoairports | L42: b.campbell@orlandoairports.net | M42: Brooke | N42: CAMPBELL | O42: =Airports[[#This Row],[First Name]]&" "&LEFT(TRIM(PROPER(Airports[[#This Row],[Last Name]]))) -> Brooke C | P42: Brooke Campbell
A43: MDW | B43: Chicago Midway International Airport | C43: 5700 S Cicero Ave | D43: Chicago | E43: IL | F43: 60638 | G43: =_xlfn.TEXTJOIN(", ", TRUE, Airports[[#This Row],[Address]:[Zip Code]]) -> 5700 S Cicero Ave, Chicago, IL, 60638 | H43: 1927 | I43: =YEAR(TODAY())-Airports[[#This Row],[Year Opened]] -> 99 | J43: =_xlfn.TEXTBEFORE(Airports[[#This Row],[Contact Email]], "@") -> jmorgan | K43: =_xlfn.TEXTBEFORE(_xlfn.TEXTAFTER(Airports[[#This Row],[Contact Email]], "@"), ".") -> mdwairport | L43: jmorgan@mdwairport.com | M43: Jacob | N43: MORGAN | O43: =Airports[[#This Row],[First Name]]&" "&LEFT(TRIM(PROPER(Airports[[#This Row],[Last Name]]))) -> Jacob M | P43: Jacob Morgan
A44: MEM | B44: Memphis International Airport | C44: 2491 Winchester Rd | D44: Memphis | E44: TN | F44: 38116 | G44: =_xlfn.TEXTJOIN(", ", TRUE, Airports[[#This Row],[Address]:[Zip Code]]) -> 2491 Winchester Rd, Memphis, TN, 38116 | H44: 1929 | I44: =YEAR(TODAY())-Airports[[#This Row],[Year Opened]] -> 97 | J44: =_xlfn.TEXTBEFORE(Airports[[#This Row],[Contact Email]], "@") -> cwatson | K44: =_xlfn.TEXTBEFORE(_xlfn.TEXTAFTER(Airports[[#This Row],[Contact Email]], "@"), ".") -> memairport | L44: cwatson@memairport.com | M44: Caroline | N44: WATSON | O44: =Airports[[#This Row],[First Name]]&" "&LEFT(TRIM(PROPER(Airports[[#This Row],[Last Name]]))) -> Caroline W | P44: Caroline Watson
A45: MIA | B45: Miami International Airport | C45: 2100 NW 42nd Ave | D45: Miami | E45: FL | F45: 33142 | G45: =_xlfn.TEXTJOIN(", ", TRUE, Airports[[#This Row],[Address]:[Zip Code]]) -> 2100 NW 42nd Ave, Miami, FL, 33142 | H45: 1928 | I45: =YEAR(TODAY())-Airports[[#This Row],[Year Opened]] -> 98 | J45: =_xlfn.TEXTBEFORE(Airports[[#This Row],[Contact Email]], "@") -> tkelly | K45: =_xlfn.TEXTBEFORE(_xlfn.TEXTAFTER(Airports[[#This Row],[Contact Email]], "@"), ".") -> miairport | L45: tkelly@miairport.com | M45: Thomas | N45: KELLY | O45: =Airports[[#This Row],[First Name]]&" "&LEFT(TRIM(PROPER(Airports[[#This Row],[Last Name]]))) -> Thomas K | P45: Thomas Kelly
A46: MKE | B46: General Mitchell International Airport | C46: 5300 S Howell Ave | D46: Milwaukee | E46: WI | F46: 53207 | G46: =_xlfn.TEXTJOIN(", ", TRUE, Airports[[#This Row],[Address]:[Zip Code]]) -> 5300 S Howell Ave, Milwaukee, WI, 53207 | H46: 1927 | I46: =YEAR(TODAY())-Airports[[#This Row],[Year Opened]] -> 99 | J46: =_xlfn.TEXTBEFORE(Airports[[#This Row],[Contact Email]], "@") -> njones | K46: =_xlfn.TEXTBEFORE(_xlfn.TEXTAFTER(Airports[[#This Row],[Contact Email]], "@"), ".") -> mkeairport | L46: njones@mkeairport.com | M46: Natalie | N46: JONES | O46: =Airports[[#This Row],[First Name]]&" "&LEFT(TRIM(PROPER(Airports[[#This Row],[Last Name]]))) -> Natalie J | P46: Natalie Jones
A47: MRY | B47: Monterey Regional Airport | C47: 200 Fred Kane Dr | D47: Monterey | E47: CA | F47: 93940 | G47: =_xlfn.TEXTJOIN(", ", TRUE, Airports[[#This Row],[Address]:[Zip Code]]) -> 200 Fred Kane Dr, Monterey, CA, 93940 | H47: 1936 | I47: =YEAR(TODAY())-Airports[[#This Row],[Year Opened]] -> 90 | J47: =_xlfn.TEXTBEFORE(Airports[[#This Row],[Contact Email]], "@") -> ethan.b | K47: =_xlfn.TEXTBEFORE(_xlfn.TEXTAFTER(Airports[[#This Row],[Contact Email]], "@"), ".") -> montereyairport | L47: ethan.b@montereyairport.com | M47: Ethan | N47: BENNETT | O47: =Airports[[#This Row],[First Name]]&" "&LEFT(TRIM(PROPER(Airports[[#This Row],[Last Name]]))) -> Ethan B | P47: Ethan Bennett
A48: MSP | B48: Minneapolis-Saint Paul International Airport | C48: 4300 Glumack Dr | D48: Minneapolis | E48: MN | F48: 55111 | G48: =_xlfn.TEXTJOIN(", ", TRUE, Airports[[#This Row],[Address]:[Zip Code]]) -> 4300 Glumack Dr, Minneapolis, MN, 55111 | H48: 1920 | I48: =YEAR(TODAY())-Airports[[#This Row],[Year Opened]] -> 106 | J48: =_xlfn.TEXTBEFORE(Airports[[#This Row],[Contact Email]], "@") -> acruz | K48: =_xlfn.TEXTBEFORE(_xlfn.TEXTAFTER(Airports[[#This Row],[Contact Email]], "@"), ".") -> mspairport | L48: acruz@mspairport.com | M48: Amanda | N48: CRUZ | O48: =Airports[[#This Row],[First Name]]&" "&LEFT(TRIM(PROPER(Airports[[#This Row],[Last Name]]))) -> Amanda C | P48: Amanda Cruz
A49: MSY | B49: Louis Armstrong New Orleans International Airport | C49: 1 Terminal Dr | D49: New Orleans | E49: LA | F49: 70062 | G49: =_xlfn.TEXTJOIN(", ", TRUE, Airports[[#This Row],[Address]:[Zip Code]]) -> 1 Terminal Dr, New Orleans, LA, 70062 | H49: 1946 | I49: =YEAR(TODAY())-Airports[[#This Row],[Year Opened]] -> 80 | J49: =_xlfn.TEXTBEFORE(Airports[[#This Row],[Contact Email]], "@") -> jbrooks | K49: =_xlfn.TEXTBEFORE(_xlfn.TEXTAFTER(Airports[[#This Row],[Contact Email]], "@"), ".") -> flymsy | L49: jbrooks@flymsy.com | M49: Jason | N49: BROOKS | O49: =Airports[[#This Row],[First Name]]&" "&LEFT(TRIM(PROPER(Airports[[#This Row],[Last Name]]))) -> Jason B | P49: Jason Brooks
... A69: SEA | B69: Seattle-Tacoma International Airport | C69: 17801 International Blvd | D69: Seattle | E69: WA | F69: 98158 | G69: =_xlfn.TEXTJOIN(", ", TRUE, Airports[[#This Row],[Address]:[Zip Code]]) -> 17801 International Blvd, Seattle, WA, 98158 | H69: 1944 | I69: =YEAR(TODAY())-Airports[[#This Row],[Year Opened]] -> 82 | J69: =_xlfn.TEXTBEFORE(Airports[[#This Row],[Contact Email]], "@") -> k.edwards | K69: =_xlfn.TEXTBEFORE(_xlfn.TEXTAFTER(Airports[[#This Row],[Contact Email]], "@"), ".") -> sea-tac | L69: k.edwards@sea-tac.com | M69: Rachel | N69: COOPER | O69: =Airports[[#This Row],[First Name]]&" "&LEFT(TRIM(PROPER(Airports[[#This Row],[Last Name]]))) -> Rachel C | P69: Rachel Cooper
A70: SFO | B70: San Francisco International Airport | D70: San Francisco | E70: CA | F70: 94128 | G70: =_xlfn.TEXTJOIN(", ", TRUE, Airports[[#This Row],[Address]:[Zip Code]]) -> San Francisco, CA, 94128 | H70: 1927 | I70: =YEAR(TODAY())-Airports[[#This Row],[Year Opened]] -> 99 | J70: =_xlfn.TEXTBEFORE(Airports[[#This Row],[Contact Email]], "@") -> j.hall | K70: =_xlfn.TEXTBEFORE(_xlfn.TEXTAFTER(Airports[[#This Row],[Contact Email]], "@"), ".") -> flysfo | L70: j.hall@flysfo.com | M70: James | N70: BENNETT | O70: =Airports[[#This Row],[First Name]]&" "&LEFT(TRIM(PROPER(Airports[[#This Row],[Last Name]]))) -> James B | P70: James Bennett
A71: SJC | B71: Norman Y. Mineta San José International Airport | C71: 1701 Airport Blvd | D71: San Jose | E71: CA | F71: 95110 | G71: =_xlfn.TEXTJOIN(", ", TRUE, Airports[[#This Row],[Address]:[Zip Code]]) -> 1701 Airport Blvd, San Jose, CA, 95110 | H71: 1945 | I71: =YEAR(TODAY())-Airports[[#This Row],[Year Opened]] -> 81 | J71: =_xlfn.TEXTBEFORE(Airports[[#This Row],[Contact Email]], "@") -> s.campbell | K71: =_xlfn.TEXTBEFORE(_xlfn.TEXTAFTER(Airports[[#This Row],[Contact Email]], "@"), ".") -> sjcairport | L71: s.campbell@sjcairport.com | M71: Natalie | N71: PARKER | O71: =Airports[[#This Row],[First Name]]&" "&LEFT(TRIM(PROPER(Airports[[#This Row],[Last Name]]))) -> Natalie P | P71: Natalie Parker
A72: SLC | B72: Salt Lake City International Airport | C72: 776 N Terminal Dr | D72: Salt Lake City | E72: UT | F72: 84122 | G72: =_xlfn.TEXTJOIN(", ", TRUE, Airports[[#This Row],[Address]:[Zip Code]]) -> 776 N Terminal Dr, Salt Lake City, UT, 84122 | H72: 1911 | I72: =YEAR(TODAY())-Airports[[#This Row],[Year Opened]] -> 115 | J72: =_xlfn.TEXTBEFORE(Airports[[#This Row],[Contact Email]], "@") -> w.wright | K72: =_xlfn.TEXTBEFORE(_xlfn.TEXTAFTER(Airports[[#This Row],[Contact Email]], "@"), ".") -> slcairport | L72: w.wright@slcairport.com | M72: David | N72: HAMILTON | O72: =Airports[[#This Row],[First Name]]&" "&LEFT(TRIM(PROPER(Airports[[#This Row],[Last Name]]))) -> David H | P72: David Hamilton
A73: SMF | B73: Sacramento International Airport | C73: 6900 Airport Blvd | D73: Sacramento | E73: CA | F73: 95837 | G73: =_xlfn.TEXTJOIN(", ", TRUE, Airports[[#This Row],[Address]:[Zip Code]]) -> 6900 Airport Blvd, Sacramento, CA, 95837 | H73: 1967 | I73: =YEAR(TODAY())-Airports[[#This Row],[Year Opened]] -> 59 | J73: =_xlfn.TEXTBEFORE(Airports[[#This Row],[Contact Email]], "@") -> n.parker | K73: =_xlfn.TEXTBEFORE(_xlfn.TEXTAFTER(Airports[[#This Row],[Contact Email]], "@"), ".") -> sacairport | L73: n.parker@sacairport.com | M73: Olivia | N73: TORRES | O73: =Airports[[#This Row],[First Name]]&" "&LEFT(TRIM(PROPER(Airports[[#This Row],[Last Name]]))) -> Olivia T | P73: Olivia Torres
A74: SMX | B74: Santa Maria Public Airport | C74: 3249 Terminal Dr | D74: Santa Maria | E74: CA | F74: 93455 | G74: =_xlfn.TEXTJOIN(", ", TRUE, Airports[[#This Row],[Address]:[Zip Code]]) -> 3249 Terminal Dr, Santa Maria, CA, 93455 | H74: 1946 | I74: =YEAR(TODAY())-Airports[[#This Row],[Year Opened]] -> 80 | J74: =_xlfn.TEXTBEFORE(Airports[[#This Row],[Contact Email]], "@") -> l.scott | K74: =_xlfn.TEXTBEFORE(_xlfn.TEXTAFTER(Airports[[#This Row],[Contact Email]], "@"), ".") -> santamariaairport | L74: l.scott@santamariaairport.com | M74: Andrew | N74: MILLER | O74: =Airports[[#This Row],[First Name]]&" "&LEFT(TRIM(PROPER(Airports[[#This Row],[Last Name]]))) -> Andrew M | P74: Andrew Miller
A75: STL | B75: St. Louis International Airport at Lambert Field | C75: 10701 Lambert International Blvd | D75: St. Louis | E75: MO | F75: 63145 | G75: =_xlfn.TEXTJOIN(", ", TRUE, Airports[[#This Row],[Address]:[Zip Code]]) -> 10701 Lambert International Blvd, St. Louis, MO, 63145 | H75: 1920 | I75: =YEAR(TODAY())-Airports[[#This Row],[Year Opened]] -> 106 | J75: =_xlfn.TEXTBEFORE(Airports[[#This Row],[Contact Email]], "@") -> m.garcia | K75: =_xlfn.TEXTBEFORE(_xlfn.TEXTAFTER(Airports[[#This Row],[Contact Email]], "@"), ".") -> flystl | L75: m.garcia@flystl.com | M75: Mark | N75: THOMPSON | O75: =Airports[[#This Row],[First Name]]&" "&LEFT(TRIM(PROPER(Airports[[#This Row],[Last Name]]))) -> Mark T | P75: Mark Thompson
A76: TPA | B76: Tampa International Airport | C76: 4100 George J Bean Pkwy | D76: Tampa | E76: FL | F76: 33607 | G76: =_xlfn.TEXTJOIN(", ", TRUE, Airports[[#This Row],[Address]:[Zip Code]]) -> 4100 George J Bean Pkwy, Tampa, FL, 33607 | H76: 1928 | I76: =YEAR(TODAY())-Airports[[#This Row],[Year Opened]] -> 98 | J76: =_xlfn.TEXTBEFORE(Airports[[#This Row],[Contact Email]], "@") -> c.evans | K76: =_xlfn.TEXTBEFORE(_xlfn.TEXTAFTER(Airports[[#This Row],[Contact Email]], "@"), ".") -> tampaairport | L76: c.evans@tampaairport.com | M76: Hannah | N76: BROOKS | O76: =Airports[[#This Row],[First Name]]&" "&LEFT(TRIM(PROPER(Airports[[#This Row],[Last Name]]))) -> Hannah B | P76: Hannah Brooks
A77: TUS | B77: Tucson International Airport | C77: 7250 S Tucson Blvd | D77: Tucson | E77: AZ | F77: 85756 | G77: =_xlfn.TEXTJOIN(", ", TRUE, Airports[[#This Row],[Address]:[Zip Code]]) -> 7250 S Tucson Blvd, Tucson, AZ, 85756 | H77: 1919 | I77: =YEAR(TODAY())-Airports[[#This Row],[Year Opened]] -> 107 | J77: =_xlfn.TEXTBEFORE(Airports[[#This Row],[Contact Email]], "@") -> d.mitchell | K77: =_xlfn.TEXTBEFORE(_xlfn.TEXTAFTER(Airports[[#This Row],[Contact Email]], "@"), ".") -> flytucson | L77: d.mitchell@flytucson.com | M77: William | N77: SCOTT | O77: =Airports[[#This Row],[First Name]]&" "&LEFT(TRIM(PROPER(Airports[[#This Row],[Last Name]]))) -> William S | P77: William Scott

Sheet 2016 Forecasts
B2: 2016 Forecasts
C4: Target YoY growth: | D4: 0.05 | F4: Cancellation %: | G4: 0.025 | H4: 0.015 | I4: 0.05
B6: Month | C6: 2015 Flights | D6: 2016 Forecast | F6: Month | G6: Airline/Carrier | H6: National Air System | I6: Weather
B7: January | C7: 389 | D7: {=ROUND((C7:C18)+(C7:C18*$D$4), 0)} -> 408 | F7: January | G7: {=ROUND(_xlfn.ANCHORARRAY(D7)*(G4:I4), 0)} -> 10 | H7: 6 | I7: 20
B8: February | C8: 356 | D8: 374 | F8: February | G8: 9 | H8: 6 | I8: 19
B9: March | C9: 405 | D9: 425 | F9: March | G9: 11 | H9: 6 | I9: 21
B10: April | C10: 391 | D10: 411 | F10: April | G10: 10 | H10: 6 | I10: 21
B11: May | C11: 448 | D11: 470 | F11: May | G11: 12 | H11: 7 | I11: 24
B12: June | C12: 417 | D12: 438 | F12: June | G12: 11 | H12: 7 | I12: 22
B13: July | C13: 476 | D13: 500 | F13: July | G13: 13 | H13: 8 | I13: 25
B14: August | C14: 457 | D14: 480 | F14: August | G14: 12 | H14: 7 | I14: 24
B15: September | C15: 437 | D15: 459 | F15: September | G15: 11 | H15: 7 | I15: 23
B16: October | C16: 405 | D16: 425 | F16: October | G16: 11 | H16: 6 | I16: 21
B17: November | C17: 390 | D17: 410 | F17: November | G17: 10 | H17: 6 | I17: 21
B18: December | C18: 414 | D18: 435 | F18: December | G18: 11 | H18: 7 | I18: 22
B19: Total: | C19: =SUM(C7:C18) -> 4985 | D19: =SUM(_xlfn.ANCHORARRAY(D7)) -> 5235
B20: Average: | C20: =AVERAGE(C7:C18) -> 415.41667 | D20: =AVERAGE(_xlfn.ANCHORARRAY(D7)) -> 436.25
B21: Max: | C21: =MAX(C7:C18) -> 476 | D21: =MAX(_xlfn.ANCHORARRAY(D7)) -> 500
